BPRICE,BMAX,BMIN,BVOL,EPRICE,EMAX,EMIN,EVOL,XPRICE,XMAX,XMIN,XCOL,LPRICE,LMAX,LMIN,LVOL
454.4,461,437,"2,783.60",296.4,0.9,0.9,0.8,37.3,0,0,0,2.3,3.5,3.7,3.5
419.5,443,409,"11,134.30",44.6,0.9,0.9,0.9,0,0,0,0,148.8,3.4,3.7,3.3
427.4,431.2,417,"4,692.00",37.9,0.9,0.9,0.9,11,0,0,0,14.9,3.5,3.5,3.5
424.5,431.7,417,"5,043.40",396.4,0.8,0.9,0.8,0,0,0,0,"1,653.40",3.5,3.6,3.5
427.8,437.1,421.5,"1,861.80",115.9,0.9,0.9,0.8,59,0,0,0,198.9,3.4,3.6,3.4
417,430.9,417,"4,994.60","3,965.60",0.9,1,0.9,0,0,0,0,8.5,3.6,3.6,3.4
433,433,417.6,"1,112.90",19,0.9,1,0.9,1.2,0,0,0,0,3.6,0,0
432.2,438.1,428.3,"3,018.80",33.6,1,1,0.9,0,0,0,0,0,3.6,0,0
426.5,437.4,426.5,928.3,128.6,1,1,1,3.1,0,0,0,2.8,3.4,3.6,3.4
429.6,435.7,426.5,706.8,342.7,1,1,1,0.1,0,0,0,0.1,3.4,3.4,3.4
430.7,436,429.6,474.8,128.1,0.9,1,0.9,0,0,0,0,0,3.6,3.6,3.6
430.3,433.8,427.7,"1,051.40",272.2,0.9,1,0.9,13.1,0,0,0,0,3.4,3.4,3.4
447.9,448,427.3,"5,445.30",185.5,0.9,1,0.9,0,0,0,0,9.4,3.5,3.5,3.4
453.1,468,447,"8,953.50",490,1,1,0.9,85.8,0,0,0,147.5,3.6,3.6,3.5
452.8,460,447,"2,500.60",205.8,1,1,0.9,65.4,0,0,0,0.5,3.5,3.5,3.5
447,454,445,"6,016.80",44.4,1,1,1,0,0,0,0,1.2,3.5,3.6,3.5
447.1,455.7,440,"7,102.40","1,661.10",1,1.1,1,0,0,0,0,0.3,3.6,3.6,3.5
446.1,451.3,444.9,"6,078.90","1,964.60",1.1,1.2,1,0.3,0,0,0,4.2,3.5,3.5,3.5
439.7,448.6,424,"10,934.70","2,154.40",1.1,1.3,1.1,0,0,0,0,76.5,3.4,3.6,3.4
427.4,438.7,424,"5,188.00",511.8,1.1,1.1,1.1,6,0,0,0,0,3.4,0,0
407.7,434.1,406,"7,694.40",269.3,1.2,1.3,1.1,67.7,0,0,0,14.6,3.4,3.6,3.4
367.7,409.5,333.6,"29,079.40","2,063.70",1.2,1.3,1.1,73.2,0,0,0,"1,714.20",3,3.5,2.8
377.6,394.1,358.2,"17,438.50",621,1.2,1.3,1.1,4,0,0,0,0.9,3,3.1,2.9
374,390,367.1,"11,304.10","1,510.70",1.4,1.4,1.2,0.9,0,0,0,705.7,2.9,3.1,2.9
383.2,399.9,374,"23,936.30","9,848.40",1.4,1.6,1.3,0.6,0,0,0,0.2,3.1,3.1,2.9
389,389.2,376.7,"3,998.50",706.9,1.3,1.4,1.3,94.2,0,0,0,55.8,3,3.1,3
416.2,422.9,378.2,"18,517.80","5,595.40",1.5,1.7,1.4,22.3,0,0,0,47.6,3.2,3.4,3.1
400.4,420,389,"4,267.20",879.9,1.5,1.6,1.5,0,0,0,0,48.7,3.2,3.3,3.2
391.7,404.1,375,"9,220.50","1,714.70",1.7,1.8,1.5,27.7,0,0,0,410.9,3.1,3.2,3
392.5,404.4,378.8,"16,813.00","9,016.60",2.2,2.2,1.7,56.3,0,0,0,14.1,3.1,3.2,3.1
399.2,407.9,392.9,"7,822.70","8,629.40",2.1,2.3,1.8,111.5,0,0,0,13.2,3.1,3.2,3.1
387.2,403.9,384.9,"18,314.20","14,850.70",2.7,2.8,1.8,16,0,0,0,"1,028.40",3.1,3.2,3
392.1,401.2,384.3,"19,373.70","10,727.80",2.3,2.9,2,289.3,0,0,0,"3,226.90",3.2,3.3,3
381.6,398.3,374.7,"12,586.90","2,925.90",2.4,2.5,2.2,784.5,0,0,0,812.3,3.1,3.3,3.1
370.3,384.8,357.6,"12,041.60","5,745.90",2.6,2.8,2.4,32.3,0,0,0,321,3.1,3.2,3
376.1,381,368.8,"4,792.40","2,068.10",2.5,2.6,2.3,150.4,0,0,0,111.8,3,3.1,3
377.2,380.5,371.2,"1,398.20",208.8,2.4,2.6,2.4,117.2,0,0,0,0.3,3,3.1,3
364.6,380.3,362.6,"12,949.50","2,383.20",2.1,2.5,2.1,1.3,0,0,0,8.6,3,3,3
376,380.1,360.5,"10,053.00","4,133.80",2.1,2.3,2.1,36.1,0,0,0,0,3,3,3
368.7,377.1,351.9,"10,802.20","12,697.10",2.2,2.5,2.1,2,0,0,0,329.6,3,3.1,3
371,373,358.5,"8,203.80","7,813.10",2.6,2.6,2.4,1.8,0,0,0,9.3,3.1,3.1,3
389,392,365,"17,649.20","10,731.10",2.5,2.6,2.4,5.6,0,0,0,35.8,3.2,3.2,3
373.2,398,373.2,"29,174.20","1,772.10",2.5,2.6,2.5,0.2,0,0,0,19.2,3.1,3.2,3.1
378.5,380,371,"4,006.10",116.1,2.4,2.6,2.4,229.9,0,0,0,0,3.1,0,0
374.9,381.7,369,"16,975.10","5,323.70",2.9,3.1,2.4,65,0,0,0,0.1,3,3,3
374.2,376.7,369.1,"6,944.10","4,033.40",3.5,3.5,2.9,799.5,0,0.1,0,87.9,3,3.2,3
378.5,383.7,370.4,"32,676.00","16,700.60",4.9,4.9,3.3,"1,276.00",0,0,0,116.3,2.9,3.1,2.9
382,385,364.1,"24,191.30","36,330.90",4.3,4.9,3.2,"3,542.70",0,0,0,116.8,2.9,3.1,2.9
353.5,388.3,320,"41,546.60","66,293.00",5.2,7,3.9,"1,040.50",0,0,0,431.4,2.9,3.1,2.6
390,415,320,"55,099.80","49,793.70",5.2,6.5,4,"1,371.30",0,0,0,"2,621.70",3,3.4,1.6
400.8,401,380.3,"38,542.10","22,577.80",4.8,5.5,4.1,"1,206.80",0,0,0,298.4,3.2,3.2,3
407.6,408.7,396,"27,541.90","15,835.60",5.7,5.9,4.6,385.2,0,0,0,577.5,3.2,3.2,3
408,409.1,397.6,"34,599.10","16,172.90",5.2,5.9,5,505.2,0,0,0,389.9,3.2,3.3,3
413,414,399.6,"35,525.50","19,978.40",3.8,5.2,3.8,154.7,0,0,0,268.3,3.1,3.3,3.1
420,426,408,"48,215.80","14,604.20",4.1,4.3,3.4,"3,711.40",0,0,0,9.9,3.1,3.3,3.1
416,424.8,411.5,"28,854.60","12,947.40",4.7,5,4,"2,279.80",0,0,0,116.7,3.2,3.5,3.2
422.2,422.2,416,"10,768.10","4,249.50",4.4,4.7,4.2,11,0,0,0,8.6,3.2,3.2,3.2
439,443.2,420,"49,773.40","3,923.20",4.5,4.6,4.1,6.9,0,0,0,141.1,3.6,3.6,3.2
432,445,420.5,"32,028.00","8,682.70",4.9,5.4,4.3,574.1,0,0,0,44.8,3.6,3.6,3.3
423.3,441,418.5,"42,982.30","31,089.80",5.5,6,4.8,0.1,0,0,0,79.8,3.5,3.5,3.2
413.1,428,411,"36,678.50","13,200.00",5.5,5.9,5.3,8.2,0,0,0,359.7,3.3,3.5,3.3
402,422.7,384,"63,426.80","66,246.20",6.1,6.1,5.4,99.5,0,0,0,"2,125.40",3.1,3.4,3.1
423,425.7,397.1,"58,609.40","81,278.80",6.2,6.3,5.4,171.5,0,0,0,116.5,3.4,3.4,3.1
429,435,420,"27,148.40","13,993.90",6.3,6.3,5.7,134.9,0,0,0,460.2,3.4,3.4,3.2
424.9,433.5,420,"21,612.60","38,782.70",6.3,6.5,6.1,68.2,0,0,0,67.8,3.3,3.4,3.3
435,439.4,381,"75,624.00","19,669.40",6.5,6.6,6.3,0.8,0,0,0,639.7,3.4,3.5,3.3
437.4,441.3,428.2,"29,131.00","16,421.00",6.4,6.6,6.1,528,0,0,0,482.3,3.4,3.5,3.3
432.4,442.9,424.7,"53,073.30","69,948.10",7.4,7.9,5.2,"1,328.80",0,0,0,625.4,3.4,3.5,3.4
421.3,438,418.7,"47,565.80","25,649.30",9.3,9.7,7.4,720.7,0,0,0,892.3,3.3,3.5,3.3
422.8,437.5,408.1,"87,028.30","64,925.50",9.4,10,7.6,"2,525.00",0,0,0,"1,989.90",3.2,3.5,3.1
394,425,390,"87,850.90","37,256.90",10.4,10.5,8.7,479.2,0,0,0,"2,330.00",3.1,3.4,3
403.5,410,378.9,"147,969.80","160,035.50",11.8,12.3,9.9,347.5,0,0,0,"1,744.70",3.3,3.3,3
405,433,397,"80,952.30","77,802.10",10.2,11.8,9.8,"2,862.30",0,0,0,286.2,3.2,3.3,3.1
411.8,420,403.8,"74,666.00","77,528.00",9.5,10.5,8.5,"1,500.80",0,0,0,585,3.3,3.3,3.2
414.3,414.6,402.8,"47,327.20","34,523.70",11,11,9.1,152.8,0,0,0,525.1,3.2,3.3,3.1
413.2,415,401,"83,783.90","68,849.20",11.8,12.2,10,216.6,0,0,0,"1,178.40",3.2,3.3,3.2
420,421.1,408.8,"60,716.70","53,174.40",10.6,12,10.3,547,0,0,0,87.8,3.4,3.4,3.2
412.6,424.4,407.5,"82,243.10","106,201.70",13,13.8,10.5,106.8,0,0,0,668.9,3.2,3.4,3.2
415,418,406.6,"76,515.10","82,731.00",14.5,14.7,12.4,646.3,0,0,0,219.7,3.3,3.3,3.2
413.5,420,399,"134,925.70","162,820.70",13.3,15,11.4,17.2,0,0,0,"1,058.10",3.3,3.3,3.2
413.8,420,385,"102,087.40","102,815.70",12.7,15,11.9,"3,627.40",0,0,0,231.1,3.3,3.3,3.2
413.8,418.5,408.1,"40,375.50","20,113.50",13.3,13.5,12,454.8,0,0,0,22.1,3.2,3.3,3.2
417.4,420,410.9,"29,424.20","16,281.80",12,13.6,11.9,63.5,0,0,0,70.7,3.3,3.3,3.2
414.2,428.9,413.2,"90,303.20","91,671.10",10.5,12.2,10.2,290,0,0,0,285.7,3.3,3.3,3.2
407,418.2,395,"139,333.70","127,233.60",10.2,11,8.4,37.5,0,0,0,80.1,3.1,3.3,3.1
408.9,416.8,400,"67,888.70","26,777.10",10.3,11,9.9,585.2,0,0,0,95.6,3.2,3.2,3.1
406.3,415.7,405.2,"39,605.70","25,609.70",11,11,9.6,"2,999.10",0,0,0,550.1,3.1,3.3,3.1
413.1,414.5,402.9,"60,106.10","46,961.90",11.6,12,10.7,360.9,0,0,0,11.9,3.2,3.2,3.1
416.4,420.3,411.8,"49,217.10","28,145.40",11.8,12.1,10.9,499.2,0,0,0,529.8,3.2,3.2,3.1
415.9,423,415.8,"30,119.20","25,611.00",11.2,12.5,11.2,96.7,0,0,0,63.1,3.2,3.3,3.2
416.7,423.8,413.5,"49,024.40","24,702.50",10.7,11.7,10.6,75.3,0,0,0,306.8,3.2,3.3,3.2
419,420.6,414,"14,569.30","6,274.50",10.9,11.2,10.3,27.3,0,0,0,30.5,3.3,3.3,3.2
419,420.6,413.9,"15,783.00","9,764.20",10.9,11,10.6,26.5,0,0,0,33,3.2,3.3,3.2
426.6,429,415.8,"55,959.60","21,808.50",11.3,11.4,10,655,0,0,0,417.3,3.4,3.4,3.2
425.2,428.8,420,"51,183.60","35,036.40",11.6,11.9,10.9,"1,852.20",0,0,0,132.2,3.2,3.4,3.2
415,428.5,410,"132,508.10","50,500.00",11.9,12,11.4,353.5,0,0,0,904.3,3.2,3.3,3.2
418.3,419.4,410.1,"40,600.90","16,375.60",11.9,12.2,11.7,524.4,0,0,0,252.7,3.2,3.2,3.2
417,420.4,415.8,"22,663.60","6,682.20",11.6,12,11.3,461.5,0,0,0,"1,047.40",3.3,3.3,3.2
423.1,424,416,"32,642.90","3,097.40",11.4,11.9,11.4,29.3,0,0,0,298.8,3.2,3.3,3.2
420.8,424,418,"53,852.10","6,487.60",11.7,11.7,11.4,"2,149.00",0,0,0,52.9,3.3,3.3,3.2
422,424.5,419.9,"60,986.70","9,072.00",11.6,11.7,11.5,"1,001.90",0,0,0,166.3,3.3,3.3,3.2
423.7,424.5,420.2,"32,267.30","25,817.00",10.8,11.6,10.7,266.7,0,0,0,72.2,3.3,3.3,3.2
423,425.9,420.3,"21,656.20","17,516.80",10.3,11,10.1,379.4,0,0,0,69.2,3.2,3.3,3.2
420.1,425.9,420.1,"41,874.70","11,046.90",10.8,11,10.3,112.3,0,0,0,194.7,3.2,3.3,3.2
424.5,424.7,420.1,"14,780.20","22,411.40",10,10.7,9.9,559.4,0,0,0,529.8,3.2,3.3,3.2
420,426.7,414.9,"64,594.80","28,028.10",10,10.1,9.6,561.2,0,0,0,121,3.2,3.3,3.2
416.1,423,414.1,"54,595.00","53,724.10",8.9,10,8.6,47.2,0,0,0,237.3,3.2,3.3,3.2
419.6,425,416,"82,899.00","64,370.90",8.6,9,7.3,428.6,0,0,0,709.1,3.3,3.3,3.2
426.3,428.2,419.6,"29,223.00","22,033.00",8,8.7,8,44.7,0,0,0,477.1,3.3,3.3,3.2
424,430,422.5,"55,412.10","34,215.70",7.5,8.3,7.1,"1,770.90",0,0,0,749.1,3.3,3.3,3.2
424.6,429,423.2,"36,507.40","25,152.00",8.8,8.8,7.4,45,0,0,0,261.8,3.3,3.4,3.2
426.4,428.9,423.5,"28,928.60","23,182.90",8.6,8.8,8.2,173.5,0,0,0,217.1,3.3,3.4,3.2
434,437.3,426.4,"27,834.10","15,449.70",8.2,8.7,8.2,10.3,0,0,0,99.7,3.3,3.3,3.2
431,436.7,430.8,"31,310.20","24,954.50",8.9,9.4,8.2,59.5,0,0,0,655.7,3.3,3.4,3.2
428.8,438.8,426,"77,215.90","26,122.00",9.2,9.8,8.9,154.5,0,0,0,"1,269.90",3.3,3.3,3.2
429.6,432.8,427.3,"29,742.60","29,004.50",9.3,9.5,8.5,64.9,0,0,0,236.6,3.2,3.3,3.2
437.9,442.8,429.3,"40,280.90","47,909.20",8.7,9.3,8.6,558.1,0,0,0,"1,068.30",3.3,3.4,3.2
442,448.5,437.5,"42,068.00","12,492.60",8.7,9.4,8.4,425.2,0,0,0,"2,607.20",3.3,3.3,3.3
445.7,459.2,442,"82,519.60","37,949.70",8.3,8.8,8.1,72.6,0,0,0,"1,449.20",3.3,3.4,3.3
451.1,455,445.7,"47,579.60","20,343.90",8,8.4,7.8,19.7,0,0,0,104.3,3.4,3.4,3.3
454.3,460.5,446.6,"26,546.80","17,973.60",8.2,8.7,7.8,64.1,0,0,0,"3,268.30",3.5,3.5,3.3
461.6,465,451,"26,111.00","15,898.00",8,8.5,8,9.3,0,0,0,"2,514.20",3.6,3.9,3.4
468.1,474.1,456.6,"58,375.70","52,413.90",7.3,8.1,7.2,79.7,0,0,0,"7,926.20",4,4.5,3.5
466,472.1,463.2,"51,678.40","23,679.00",7.5,7.6,7.1,48.5,0,0,0,"4,654.70",4.4,4.7,3.9
441,468,421.9,"121,943.80","34,210.40",7.4,8,7.3,204.8,0,0,0,"12,336.40",3.8,4.3,3.7
446,451.9,437.1,"37,111.10","27,805.60",7.6,7.7,7.2,1.9,0,0,0,"8,542.60",3.8,3.9,3.3
455.5,484.5,445,"36,506.20","9,545.70",7.7,7.8,7.4,3.5,0,0,0,"3,125.50",3.7,3.9,3.7
444.2,456.5,440,"42,454.60","75,028.80",8.7,9.4,7.7,0.2,0,0,0,"3,975.90",3.8,3.8,3.6
446,455.2,443.6,"24,697.40","13,055.70",9.2,9.2,8.4,"1,350.20",0,0,0,190.1,3.7,3.8,3.7
446.9,449.5,425.9,"75,376.60","76,845.30",9.7,10.3,9.2,137,0,0,0,"1,971.90",3.7,3.7,3.6
450.8,450.9,443,"16,879.30","13,040.10",9.6,9.9,9.3,34.5,0,0,0,"1,185.70",3.8,3.8,3.7
449.9,450.1,444.2,"8,198.40","16,814.90",9.6,10,9.4,"1,021.90",0,0,0,820.1,3.7,3.8,3.7
449,451.9,444.5,"22,888.60","22,778.50",9.8,10,9.4,"1,540.50",0,0,0,"5,600.50",3.7,3.8,3.7
460,463,448.4,"38,842.10","23,761.20",9.4,9.9,9,15.5,0,0,0,"1,128.50",3.9,3.9,3.7
463,463,455.3,"18,963.90","20,610.50",9,9.5,9,25.1,0,0,0,"1,370.50",4,4,3.9
460.8,462.7,455.4,"8,396.50","10,522.20",9.7,9.7,9,5.6,0,0,0,"1,273.90",3.9,4,3.9
460.5,465.1,456.1,"15,173.30","9,284.60",9.4,9.6,9.2,13.1,0,0,0,"4,405.40",4.1,4.2,3.9
453.5,460.6,449.5,"25,400.20","16,583.90",9.6,9.6,9.3,51.1,0,0,0,"4,268.50",3.9,4.1,3.7
449,455.7,448.3,"31,405.60","29,963.10",10.1,10.1,9.5,392,0,0,0,"2,082.90",3.8,3.9,3.8
450.9,455,448.1,"14,305.90","21,855.60",11,11,9.9,"3,554.10",0,0,0,125.4,3.9,3.9,3.8
457,458,450,"32,522.20","33,934.90",9.8,11,9.8,"1,569.80",0,0,0,"2,369.20",4,4,3.8
457,458.5,453.6,"13,099.20","10,933.70",10.1,10.4,9.8,10.8,0,0,0,157.3,4,4,4
459,463,455.6,"29,365.90","31,858.60",10.2,10.4,9.9,11,0,0,0,780.5,4.1,4.1,3.9
457.3,462,450.9,"45,452.90","38,750.80",11.6,11.6,10.1,35.6,0,0,0,"1,500.60",4,4.2,4
450.1,458,448.3,"36,204.50","55,849.10",12.9,12.9,11.6,44.5,0,0,0,313.6,4,4,3.9
446.8,456.7,443.8,"74,564.00","83,041.00",13.7,14,12.5,145.8,0,0,0,"2,685.10",4,4.1,3.9
430,453.7,430,"120,676.20","108,241.20",14.4,14.8,13.5,"4,753.30",0,0,0,"2,030.20",3.8,4,3.7
436.2,444.4,420,"80,311.10","73,586.60",13.5,14.7,12.6,493.7,0,0,0,980.6,3.8,3.9,3.7
437.6,440,418.2,"26,621.80","15,911.00",13.8,14,13.1,6.1,0,0,0,551.7,4,4,3.8
432.8,450,420,"56,444.40","46,863.90",14.2,14.3,13,"2,074.90",0,0,0,866.1,3.9,4,3.8
443.9,445,431.8,"25,603.20","37,335.40",13.5,14.3,13.2,231.7,0,0,0,169.2,4,4,3.9
449,450,441.5,"48,566.30","57,669.70",12.5,13.5,11.9,231,0,0,0,704.8,4,4,3.9
452.1,453.4,444,"19,700.60","23,273.40",12.4,12.9,11.7,304.2,0,0,0,426.3,4.1,4.1,4
473,474.2,445.1,"115,626.60","41,897.70",11.6,12.5,10.6,"1,545.30",0,0,0,"6,143.70",4.3,4.5,4
493,508,460,"184,279.10","71,445.80",10.9,11.7,10.1,333.6,0,0,0,"11,121.70",4.5,4.7,4.2
511,522,461,"346,066.80","107,540.20",11.8,12.3,10.6,330.3,0,0,0,"8,573.10",4.5,4.6,4
530,551,509.6,"290,155.40","81,120.00",12.4,12.5,11.7,"2,349.70",0,0,0,"8,647.20",4.5,4.7,4.3
539,542.4,524,"150,980.20","46,091.40",12.6,12.8,12.2,"4,093.50",0,0,0,"2,291.70",4.6,4.7,4.5
529.9,549,510.5,"274,330.20","148,811.80",13.9,14.3,12.6,937,0,0,0,"3,501.30",4.6,4.7,4.5
536,542,522.1,"167,248.30","70,882.40",13.8,14,13.3,239.4,0,0,0,"1,362.50",4.7,4.8,4.6
538,539.8,531.8,"60,231.00","30,179.70",13.8,14,13.7,840.6,0,0,0,772.8,4.7,4.7,4.7
584.5,585,538,"315,809.80","75,759.50",13.8,13.9,13.4,221,0,0,0,"5,565.90",4.9,4.9,4.7
579,592.2,560,"235,417.20","59,637.60",13.8,14,13.5,825.8,0,0,0,"16,295.00",4.8,5,4.7
580.7,583.9,570,"97,018.00","29,721.40",13.7,14,13.7,431.5,0,0,0,"1,937.40",4.9,5,4.8
583,587.6,580,"96,108.40","15,905.50",13.9,14,13.7,"5,865.20",0,0,0,"1,389.30",4.9,5,4.9
576.9,589,560.1,"149,334.50","74,989.60",14.5,14.8,13.9,"11,243.30",0,0,0,"2,611.90",4.8,4.9,4.7
582,583.1,572.9,"41,823.90","55,230.60",14.5,14.7,14.1,600.9,0,0,0,"1,389.30",4.8,4.8,4.7
577.3,582,567.6,"54,695.50","49,670.90",14.2,14.6,14.1,289.5,0,0,0,"4,084.10",4.8,4.8,4.7
618,627,581.1,"198,505.40","103,166.70",14.1,14.4,13.8,567.6,0,0,0,"5,009.50",5.2,5.3,4.9
682.1,695,616,"493,544.20","262,302.00",16.4,16.4,14.1,"10,026.30",0,0,0,"22,144.60",5.4,5.4,5
685.7,700.6,670,"780,298.00","533,088.60",18,18.9,16,"29,217.20",0,0,0,"21,970.50",5.2,5.4,5.1
668,688.7,585,"950,920.40","499,252.20",18,18.9,15.1,"44,620.60",0,0,0,"12,176.50",5.1,5.2,4.5
738,740,662.3,"687,977.10","439,214.30",19.6,19.7,17.2,"9,898.00",0,0,0,"12,031.80",5.4,5.4,5
743,774.8,703.9,"1,269,048.70","1,169,913.30",19.4,21.4,18.9,"31,313.30",0,0,0,"68,900.60",5.4,6,5.2
739.4,771,687,"1,939,840.00","1,929,786.80",12.9,19.4,12.5,"9,116.60",0,0,0,"24,339.70",5.5,5.9,5.1
751.5,788.9,705,"1,617,879.60","1,624,023.00",12.8,14.1,7.1,"4,606.60",0,0,0,"25,804.40",5.6,5.8,5.3
765,769,748,"530,987.80","421,503.10",11.3,13.6,10.5,"8,365.00",0,0,0,"3,242.50",5.5,5.6,5.4
703,765,639.9,"1,610,300.70","275,838.70",11.6,12,10.6,"7,384.50",0,0,0,"16,794.50",5,5.5,4.5
677,710,639.7,"1,917,340.70","1,175,864.50",15.5,15.9,11.3,"26,729.40",0,0,0,"26,919.70",4.9,5.5,4.6
596,686.7,562,"2,049,482.90","640,074.00",13.2,15.8,12.8,"64,386.50",0,0,0,"89,374.30",3.8,5,3.6
671.1,687.5,555.1,"2,085,250.60","519,474.90",14.2,14.6,12.6,"27,760.60",0,0,0,"82,426.70",4.3,4.5,3.6
686.5,710,638,"976,809.60","160,808.30",14.3,14.8,13.7,"5,881.30",0,0,0,"27,412.00",4.3,4.5,4.1
657.9,690.8,640,"601,509.90","87,264.80",14.2,14.7,14,"8,120.80",0,0,0,"7,173.20",4.2,4.4,4
650.7,658,616.4,"522,904.90","120,804.50",14,14.2,13.6,"8,486.50",0,0,0,"8,630.50",4.2,4.2,4
648,661.2,631,"347,771.00","112,673.00",13.8,14.1,13.6,"9,595.60",0,0,0,"3,107.20",4.2,4.2,4.1
633,656.3,616.6,"567,819.90","462,572.70",12.1,13.8,11.6,"11,304.10",0,0,0,"5,218.10",4.1,4.2,4
638.5,646,625,"253,582.50","156,301.00",12.6,13,11.8,"9,617.70",0,0,0,"3,970.20",4.1,4.1,4
676.4,690.3,636,"757,022.60","79,038.40",12.2,12.7,12.2,"15,592.60",0,0,0,"12,209.00",4.2,4.4,4
678.5,684.9,670.2,"287,545.40","156,239.60",12.1,12.4,11.8,"6,884.80",0,0,0,"3,044.00",4.3,4.3,4.2
683,707.1,675.1,"482,605.60","116,453.10",12,12.2,11.9,"1,482.00",0,0,0,"17,061.00",4.4,4.9,4.3
675,684.4,641.5,"515,133.80","148,532.60",11.8,12.1,11.6,"6,756.20",0,0,0,"3,415.50",4.4,4.5,4.2
677.5,682,635,"586,296.20","656,806.40",11,11.8,10,"4,800.50",0,0,0,"7,662.40",4.5,4.6,4.2
673,680.6,660,"451,765.10","564,706.10",10.7,11.1,9.2,"4,284.40",0,0,0,"8,054.80",4.4,4.5,4.2
638,680.6,625.4,"482,567.30","130,110.20",9.9,11,9.8,"8,935.00",0,0,0,"7,153.30",4.2,4.5,4.1
643,647,594,"783,674.90","128,422.70",10.2,10.2,9.4,"2,766.10",0,0,0,"7,964.80",4.1,4.2,3.9
658.6,669.7,637,"577,523.30","346,264.70",10.9,11.6,10.1,"2,386.20",0,0,0,"8,741.60",4.1,4.3,4
647.5,664.5,623,"523,165.90","53,622.30",10.9,11.1,10.7,493,0,0,0,"7,490.30",4.1,4.2,4
650.5,664.5,638,"302,063.80","29,621.30",10.6,11,10.5,"6,294.20",0,0,0,934.8,4.1,4.2,4.1
646,654.5,645,"214,821.30","67,679.50",10.6,10.7,10.2,"6,309.70",0,0,0,698.6,4.1,4.2,4.1
665.2,678,647,"387,971.80","79,388.70",10.6,10.9,10.4,309.2,0,0,0,"2,576.00",4.2,4.3,4.1
655,672.1,651,"173,296.50","106,052.60",11.1,11.4,10.4,43.5,0,0,0,594.2,4.1,4.2,4.1
661.1,669.9,653.7,"206,384.00","172,244.40",12,12,10.9,"2,247.70",0,0,0,923.4,4.2,4.2,4.1
667,678,661.1,"187,915.30","140,142.50",11.7,12.4,11.7,504.3,0,0,0,"2,479.60",4.2,4.2,4.1
668,670,660,"127,017.50","48,850.50",11.5,12,11.2,"3,857.70",0,0,0,"1,263.30",4.2,4.2,4.1
686.6,690,667.6,"199,870.00","156,431.20",11.6,11.8,11,626.7,0,0,0,"3,278.50",4.2,4.3,4.2
677,686.7,668.3,"354,909.60","318,885.80",11.3,11.8,11,"7,278.90",0,0,0,"2,676.80",4.2,4.2,4.2
674.6,677.9,667.9,"235,589.00","219,775.50",11.8,12.2,11.1,138.7,0,0,0,147.4,4.1,4.2,4.1
665,675,659.9,"181,952.70","321,462.90",12.5,13.1,11.7,"2,530.30",0,0,0,"2,609.00",4.2,4.2,4.1
664.6,670,662,"119,839.30","135,134.40",12.7,12.9,12.1,"2,958.40",0,0,0,847.8,4.2,4.2,4.1
646,666.1,641.3,"406,788.80","698,144.20",14.5,14.9,12.7,"1,565.60",0,0,0,"4,550.30",4,4.1,3.9
654,665.1,649.3,"302,321.50","415,007.80",13.7,14.8,13,"1,025.40",0,0,0,"3,761.80",4.1,4.1,4
657.5,667.1,652,"300,086.80","336,825.30",13.5,14,12.2,"2,577.40",0,0,0,"4,332.20",4,4.1,4
644.8,660,639.5,"205,431.10","141,864.90",13.3,13.8,13,"2,407.60",0,0,0,"2,910.60",4,4.1,3.9
655.3,662,642,"630,781.00","821,073.00",12.4,13.4,11.3,"2,094.50",0,0,0,"10,866.60",4,4,3.9
657.4,661,650,"200,359.30","218,304.40",12.8,13.5,12.3,"1,097.10",0,0,0,"3,887.70",4,4,3.9
657,662,650,"330,908.20","91,580.90",12.6,13,12.5,"3,268.70",0,0,0,"2,218.30",4,4,3.9
655,661.9,653.6,"88,896.80","39,380.80",12.8,12.9,12.6,"1,369.90",0,0,0,"3,505.80",4.1,4.1,3.9
640.9,661.1,629,"214,719.00","37,736.50",12.4,12.8,12.2,60.2,0,0,0,"2,144.00",4,4.1,4
621.3,639.5,611,"639,675.90","154,758.70",11.5,12.4,11.3,531.4,0,0,0,"4,120.40",3.9,4.2,3.9
605,630,594,"1,285,564.70","337,584.60",10.5,11.7,10,"1,252.30",0,0,0,"7,549.60",3.8,4,3.7
543.4,608.9,462.9,"3,371,633.60","1,145,682.00",9.3,10.8,7.3,"4,706.80",0,0,0,"31,795.60",3.6,3.8,3.2
578,590,534.1,"1,729,085.80","608,331.50",10.5,10.8,9,"2,158.90",0,0,0,"19,456.20",3.8,3.8,3.5
569.5,595.3,567.1,"881,697.90","415,206.80",10.8,11.5,10.3,"3,855.90",0,0,0,"12,940.30",3.7,3.9,3.7
565,578.8,563,"319,151.30","101,041.70",10.3,11.1,10.3,"1,150.10",0,0,0,"1,965.20",3.7,3.8,3.7
593.1,613,563.2,"592,871.10","95,216.00",11,11.2,10.2,"8,991.40",0,0,0,"2,079.10",3.8,3.8,3.7
595.2,625,589,"617,466.80","114,988.40",11,11.4,10.8,"3,551.00",0,0,0,"7,308.80",3.9,4,3.8
590.6,600,586,"353,183.60","78,112.70",11.3,11.4,11,"4,184.80",0,0,0,"4,320.70",3.8,3.9,3.7
602.6,625.3,586,"870,566.60","511,344.30",12.7,12.8,11.3,"4,069.30",0,0,0,"10,448.70",3.8,4,3.8
596.3,619,586.3,"781,690.10","553,327.90",12,12.8,12,"6,384.40",0,0,0,"8,817.70",3.7,3.9,3.4
590.1,605.5,582.6,"578,966.50","266,592.50",12,12.2,11.6,926.4,0,0,0,"7,374.20",3.8,3.8,3.7
590.5,595.4,583.1,"320,517.30","96,016.10",11.8,12.1,11.6,33,0,0,0,"2,910.70",3.7,3.8,3.7
582,592,580,"171,571.70","87,503.30",11.7,11.8,11.5,"1,250.60",0,0,0,"1,141.10",3.7,3.8,3.7
573,583.1,561,"613,637.90","312,550.30",11.3,11.7,10.8,991.6,0,0,0,"3,292.80",3.6,3.7,3.6
566.7,598.9,561,"437,543.10","91,130.60",11.1,11.4,10.9,"7,739.70",0,0,0,"4,228.90",3.6,3.7,3.5
574.3,583.9,565.2,"350,659.90","148,537.80",11,11.2,10.3,15.8,0,0,0,"2,075.20",3.6,3.7,3.6
570.5,578.8,566,"267,974.20","137,615.50",10.9,11.1,10.3,"1,750.70",0,0,0,"1,123.40",3.6,3.6,3.6
571.4,578.2,563,"262,768.90","101,360.00",10.7,11,10.7,265,0,0,0,"1,172.50",3.6,3.6,3.6
573.2,577,569.4,"163,602.60","97,885.50",10.9,11.1,10.5,"1,284.40",0,0,0,237.2,3.6,3.6,3.6
583.6,584.7,570.6,"183,465.60","100,800.30",11.1,11.3,10.9,6.7,0,0,0,"3,539.10",3.6,3.6,3.6
583.4,586.4,578,"166,230.00","32,855.40",11.2,11.3,11,"1,478.80",0,0,0,"1,623.90",3.6,3.6,3.6
591.5,595,580.9,"512,965.00","96,431.30",11.3,11.4,11,"3,463.80",0,0,0,"15,289.70",3.8,3.8,3.6
581.5,592.4,578.5,"483,054.40","87,103.00",11.1,11.3,10.9,926,0,0,0,"42,595.30",3.9,4.5,3.7
575,586.9,573,"277,968.60","39,188.00",11.2,11.2,11,420.9,0,0,0,"12,259.60",3.9,4,3.8
580,581,573,"276,968.50","61,120.90",11.3,11.5,11.1,290.3,0,0,0,"7,730.60",3.8,3.9,3.7
574,585.9,572.6,"228,164.50","37,020.00",11.2,11.4,11,110.4,0,0,0,"1,797.20",3.8,3.9,3.8
574.1,577.9,563,"487,357.10","66,809.40",11,11.3,10.9,"6,089.90",0,0,0,"3,895.60",3.8,3.8,3.7
576.2,589,568.4,"820,076.30","128,857.20",11,11.2,10.7,"1,487.50",0,0,0,"11,790.30",3.8,3.8,3.7
580.1,582.4,571,"584,334.20","100,726.10",11.1,11.3,10.8,"3,014.50",0,0,0,"17,907.50",3.8,3.8,3.7
573.5,584.3,572,"316,600.60","89,268.80",11.3,11.4,11,"2,762.80",0,0,0,"5,993.30",3.8,3.9,3.8
573.6,580,571,"284,310.60","170,367.90",12.4,12.4,11.2,"2,422.60",0,0,0,"4,451.20",3.9,3.9,3.8
573.3,577,570.2,"367,954.80","143,174.10",12,12.7,11.5,"2,250.40",0,0,0,"1,927.60",3.8,3.9,3.8
578.6,598.6,570,"770,219.50","269,478.00",11.8,12.5,11,"1,895.90",0,0,0,"5,414.60",3.8,3.9,3.8
604.3,615,560.3,"1,203,782.10","189,885.10",11.7,12.1,11.5,"12,592.10",0,0,0,"17,902.80",3.9,4,3.8
612.2,620,604.3,"523,962.20","85,469.00",11.8,11.9,11.6,"3,187.10",0,0,0,"12,400.10",4,4.1,3.9
613.2,614.9,603.3,"634,859.10","122,416.50",11.6,11.9,11.5,"1,924.20",0,0,0,"5,959.70",4,4,3.9
614.5,617.1,608,"451,247.00","36,226.10",11.6,11.8,11.5,"1,822.20",0,0,0,"2,834.00",4,4,3.9
618.8,623.9,609.7,"571,851.90","63,697.90",11.7,11.8,11.6,"1,956.10",0,0,0,"5,055.80",4,4,3.9
626.3,635.7,617.2,"446,531.10","163,655.90",11.7,11.9,11.4,"1,265.80",0,0,0,"5,010.50",4,4.1,4
625.6,630,622.1,"221,768.50","71,494.40",11.7,11.9,11.5,"1,071.30",0,0,0,"3,193.80",4,4,4
627.3,630,625.6,"114,623.50","110,441.30",12,12.3,11.6,782.2,0,0,0,"4,238.90",4,4,4
612.2,636,591.7,"641,443.60","134,603.50",11.9,12.1,11.6,793.8,0,0,0,"5,822.10",3.9,4,3.9
612.8,615,607.4,"274,222.70","103,799.70",12.2,12.2,11.7,809,0,0,0,"3,937.70",3.9,3.9,3.8
613.5,618.3,611,"235,665.70","193,205.80",12.1,12.8,11.9,"2,578.80",0,0,0,945.7,3.9,3.9,3.8
613,616.6,609,"315,448.10","61,723.00",12,12.2,12,"73,514.10",0,0,0,"1,571.40",3.8,3.9,3.8
610.3,614.5,608,"243,472.90","170,857.20",12.6,12.8,12,"21,508.60",0,0,0,"7,650.40",3.9,3.9,3.8
608.8,611.4,606,"117,029.90","59,509.10",12.9,12.9,12.5,"5,543.10",0,0,0,806.9,3.8,3.9,3.8
612.2,617.5,607.2,"214,224.40","284,259.10",12.9,13.1,12.2,"3,873.50",0,0,0,"3,151.30",3.8,3.9,3.8
611.8,617,608.1,"202,338.20","191,694.30",13.5,13.7,12.8,"1,165.80",0,0,0,"9,419.00",3.9,3.9,3.8
600.5,614,593.2,"607,276.90","387,427.70",13.9,14.5,13.5,"9,099.20",0,0,0,"4,136.00",3.8,3.9,3.8
603,607.2,602,"69,765.50","46,573.40",13,13.3,12.7,"1,098.50",0,0,0,855.6,3.8,3.8,3.8
602.8,605,598.7,"134,163.40","25,412.00",12.8,13.2,12.8,"6,591.10",0,0,0,"3,529.30",3.8,3.8,3.8
607.8,610.9,602.8,"218,871.50","52,021.00",13,13.1,12.8,"8,304.20",0,0,0,"1,355.90",3.9,3.9,3.8
605.3,608.7,603,"126,100.30","93,911.80",13.3,13.5,13,"5,425.40",0,0,0,387.3,3.8,3.9,3.8
605.9,607,603.2,"101,516.60","17,232.40",13.2,13.3,13.2,"17,931.40",0,0,0,247.8,3.8,3.9,3.8
607.3,608.7,604.5,"96,866.30","27,048.50",13.1,13.2,13.1,"5,595.90",0,0,0,885.8,3.8,3.9,3.8
614.1,617,605,"196,782.20","33,194.00",13.1,13.4,13.1,"19,934.40",0,0,0,"11,489.00",3.8,3.9,3.8
611.7,616.9,607.5,"158,946.80","40,676.80",13.2,13.3,13.1,"5,920.60",0,0,0,"3,526.60",3.8,3.9,3.8
612.1,613.5,607.9,"96,326.40","24,866.20",13.2,13.3,13.1,"3,514.80",0,0,0,426.3,3.9,3.9,3.8
610.7,614.9,609.4,"144,976.70","52,390.30",13.5,13.5,13.2,"2,686.40",0,0,0,355.1,3.8,3.9,3.8
611.3,613.8,608.6,"206,099.10","92,454.40",13.3,13.5,13.2,"3,764.70",0,0,0,459.7,3.8,3.9,3.8
612.1,617,609.2,"295,468.60","68,973.70",13,13.3,13,"4,279.80",0,0,0,"7,555.90",3.8,3.9,3.8
615,616.4,611.2,"173,597.50","69,592.50",12.8,13.1,12.7,"2,418.30",0,0,0,514.3,3.9,3.9,3.8
621.9,623.7,615,"139,734.70","84,958.60",12.3,12.9,12.3,"1,821.50",0,0,0,"14,914.10",3.9,3.9,3.8
618.2,623.2,615.6,"169,756.00","103,850.10",12.3,12.4,12,"1,560.80",0,0,0,"1,870.20",3.8,3.9,3.8
619.8,621.3,615.6,"140,924.90","59,814.50",11.9,12.4,11.9,"9,220.90",0,0,0,"2,967.30",3.8,3.8,3.8
634,642.8,616.8,"346,764.80","69,640.50",12.2,12.3,11.6,"5,959.00",0,0,0,"3,425.10",3.8,3.9,3.8
639.2,644,632,"455,552.10","86,269.60",12,12.2,11.7,"1,300.40",0,0,0,"12,198.70",3.8,3.9,3.8
638.1,643.3,635.1,"202,093.40","76,499.60",12,12.2,11.7,"7,742.30",0,0,0,"2,682.40",3.9,4,3.8
639.4,640.8,635.5,"125,175.00","43,023.20",12.1,12.1,11.8,"3,823.40",0,0,0,"3,921.80",3.9,3.9,3.9
643,643.9,637.7,"110,522.50","14,558.00",11.9,12.1,11.9,"1,516.80",0,0,0,"3,012.10",3.9,3.9,3.9
643.9,646,639,"118,398.70","39,128.60",12,12.1,11.8,"5,803.20",0,0,0,556.2,3.9,3.9,3.9
644.8,646.6,641,"347,280.60","14,323.30",12,12.1,11.8,"15,478.40",0,0,0,"1,233.80",3.9,3.9,3.9
638.8,646.6,637,"360,884.30","54,336.30",12.4,12.6,11.9,"1,806.70",0,0,0,"4,620.30",3.9,3.9,3.8
640,642,631.8,"96,139.30","68,192.40",12.6,13,12.3,688.9,0,0,0,"4,669.10",3.9,3.9,3.8
633.3,641.9,626.1,"253,389.20","93,123.40",12,12.6,11.9,"6,803.20",0,0,0,"3,565.00",3.8,3.9,3.8
635.3,637.2,629.5,"75,507.60","19,701.10",12.1,12.3,12,"11,889.50",0,0,0,"3,607.70",3.8,3.8,3.8
638.6,639,632.2,"56,457.80","5,405.30",12.1,12.2,12.1,"2,052.10",0,0,0,986.4,3.9,3.9,3.8
660.1,670.9,638.6,"506,620.50","50,248.90",12.2,12.3,12.1,"3,228.80",0,0,0,"9,706.50",3.9,4,3.8
653.5,663.4,653,"132,216.00","32,473.60",12.1,12.2,12,"2,043.10",0,0,0,"7,326.20",3.9,3.9,3.9
659,664.8,653.5,"108,683.00","56,756.80",11.7,12.1,11.6,"2,742.70",0,0,0,"2,971.80",3.9,3.9,3.8
661.6,666,653,"226,136.70","76,084.10",11.5,11.8,11.1,541.2,0,0,0,"10,593.40",3.9,3.9,3.8
688.4,689,661.5,"485,538.10","61,656.60",11.3,11.7,11.3,"6,796.90",0,0,0,"7,575.30",4.1,4.1,3.9
684.5,688.9,675.1,"344,931.20","116,654.40",11.3,11.7,11.3,"5,767.00",0,0,0,"2,240.10",4,4.1,3.9
706.8,711.4,684.2,"708,430.10","101,897.90",11.1,11.4,11,"14,631.10",0,0,0,"9,594.20",4,4.1,3.9
713.5,724.5,695.1,"932,633.00","266,000.30",10.4,11.2,9.4,"4,378.40",0,0,0,"7,761.00",4.1,4.1,4
702.5,714.5,688,"767,140.60","112,949.30",11.4,11.5,10.3,"18,116.20",0,0,0,"10,438.70",4,4.1,4
723,728.6,699.3,"496,547.80","88,660.10",10.7,11.5,10.7,"3,887.70",0,0,0,"10,803.60",4,4.1,4
733.9,744.6,722,"1,046,608.20","201,547.90",10.9,11.2,10.4,"5,929.20",0,0,0,"11,112.10",4.1,4.2,4
739.2,751,723.9,"473,088.90","72,175.00",11,11.2,10.7,958.5,0,0,0,"8,089.30",4.1,4.2,4.1
704,743.4,674.1,"1,527,246.10","130,750.80",11.1,11.2,10.8,"6,247.40",0,0,0,"14,565.50",3.9,4.1,3.8
705.6,712.8,687.9,"396,158.50","55,299.80",11,11.3,10.9,889.1,0,0,0,"1,349.70",3.9,3.9,3.8
716.4,721.9,700,"368,944.80","32,944.20",11.1,11.2,11,"1,716.80",0,0,0,"2,366.20",4,4,3.9
716.4,721.9,700,"368,944.80","32,944.20",11.1,11.2,11,"1,716.80",0,0,0,"2,366.20",4,4,3.9
708.1,718.9,701.4,"290,935.40","26,049.70",10.9,11.1,10.9,"10,754.30",0,0,0,"3,799.10",3.9,3.9,3.9
705,710.7,698.9,"320,968.90","31,057.00",10.9,11,10.8,"1,784.30",0,0,0,"1,888.70",3.8,3.9,3.8
736.3,743.1,703,"842,846.20","186,279.10",10.6,11,10.3,"6,291.90",0,0,0,"5,845.60",4,4,3.8
719,740.9,713.4,"620,451.60","70,291.40",10.5,10.8,10.5,"2,338.10",0,0,0,"3,771.00",3.8,4,3.8
718.4,722.5,710,"311,157.40","26,672.10",10.5,10.7,10.4,898,0,0,0,461.7,3.8,3.9,3.8
715.4,722.9,709.6,"261,134.80","43,618.20",10.2,10.6,10.1,"1,097.80",0,0,0,497.2,3.8,3.9,3.8
696,717,689.5,"458,023.30","146,304.60",10,10.4,9.6,"1,424.10",0,0,0,"4,911.60",3.7,3.8,3.7
708,708.4,681.7,"463,093.30","36,987.60",10,10.3,9.9,933.8,0,0,0,"4,480.00",3.9,3.9,3.7
714.6,716.9,698.9,"228,662.80","30,104.40",10,10.1,9.9,"4,220.90",0,0,0,"2,666.20",3.9,3.9,3.8
715,717.9,708.3,"165,252.20","102,731.90",10.3,10.4,9.9,"2,792.60",0,0,0,"11,793.50",3.9,4,3.8
747.3,757,710,"1,061,987.60","145,302.20",9.9,10.4,9.9,"9,221.50",0,0,0,"15,190.90",3.9,4,3.9
747.2,754.8,734.1,"416,943.70","51,687.20",9.7,10.2,9.7,361.9,0,0,0,951,3.9,4,3.9
747,759,740,"330,461.30","112,407.70",9.6,9.8,9.5,182.3,0,0,0,"3,524.90",4,4,3.9
756,757,744.2,"155,792.70","32,279.40",9.6,9.8,9.6,"5,767.30",0,0,0,"1,841.70",3.9,4,3.9
736.4,756,715.7,"490,206.60","34,365.40",9.7,9.7,9.5,"1,592.20",0,0,0,"3,136.30",3.9,4,3.9
738.7,742.7,731.6,"217,012.40","51,219.30",10,10.1,9.5,"2,819.30",0,0,0,"1,768.20",3.9,4,3.9
738.8,751,734.7,"391,683.00","78,204.80",9.7,10.3,9.6,"4,353.30",0,0,0,784.6,3.9,3.9,3.9
740.9,745.7,731,"242,330.70","35,730.70",9.7,9.9,9.6,"4,569.10",0,0,0,517.1,3.9,3.9,3.9
734.8,740.8,728.3,"348,765.50","165,074.00",9.2,9.7,8.6,"7,378.30",0,0,0,"1,181.00",3.9,3.9,3.8
739,743,732.2,"168,064.80","50,757.70",9.3,9.8,9.2,379.3,0,0,0,994.4,3.9,3.9,3.8
732.2,741.8,722.1,"206,562.10","40,414.80",9.2,9.4,9.1,533.9,0,0,0,996.2,3.9,3.9,3.8
730.4,738,727.5,"166,446.40","74,720.60",8.8,9.2,8.6,544.3,0,0,0,"1,815.30",3.9,3.9,3.8
734.2,735.5,728.3,"158,043.00","86,163.00",8,8.9,7.8,647,0,0,0,"2,561.90",3.9,3.9,3.8
739.3,745.2,727.9,"208,095.20","79,503.00",8.5,8.7,7.8,"1,696.10",0,0,0,"1,377.20",3.9,3.9,3.8
749.8,750,733.6,"270,861.40","68,490.80",8.5,8.7,8.2,498.2,0,0,0,574.8,3.9,3.9,3.8
771.2,775,748.3,"535,222.80","66,160.70",8.2,8.5,8,"4,146.60",0,0,0,"1,590.00",3.9,3.9,3.9
761.3,782.4,756.8,"439,808.80","296,601.50",8,8.2,7.3,"4,761.40",0,0,0,"2,229.20",3.9,3.9,3.9
763,768.9,761.5,"121,141.50","42,078.20",7.9,8.1,7.6,"3,509.20",0,0,0,"5,710.30",3.9,3.9,3.9
756.7,773,752,"356,950.40","74,657.50",7.4,7.8,7.3,635.7,0,0,0,"53,863.80",3.6,3.9,3.3
755,758.4,747,"538,975.20","239,855.60",6.4,7.4,6.4,196,0,0,0,"23,537.70",3.5,3.6,3.4
755.2,763.5,753,"522,961.20","467,185.30",7.5,7.9,5.9,"1,507.10",0,0,0,"20,301.70",3.5,3.5,3.4
765,770.5,755,"277,261.30","120,403.10",8.6,8.7,7.3,"2,290.20",0,0,0,"5,690.30",3.7,3.7,3.5
771.7,773,764.4,"176,237.90","130,040.50",8.3,8.8,8,480.6,0,0,0,"3,416.20",3.7,3.7,3.6
773,774,769.2,"120,815.30","61,932.00",8.4,8.7,8.1,417.4,0,0,0,340,3.7,3.7,3.7
767.5,776,753.3,"303,085.40","38,734.10",8.1,8.4,8,"1,278.50",0,0,0,"4,922.10",3.6,3.7,3.6
771,771,764.1,"121,167.40","12,744.70",8.2,8.3,8.1,145.4,0,0,0,"1,870.30",3.6,3.7,3.6
778.1,786.7,766.5,"437,098.20","123,512.90",8.3,8.6,8.1,397.6,0,0,0,"4,540.60",3.7,3.7,3.6
782,783.9,774.2,"149,122.80","19,908.50",8.4,8.5,8.3,"1,974.50",0,0,0,425.7,3.7,3.7,3.6
781.1,782,773.2,"142,824.90","45,065.50",8.1,8.4,8.1,237.2,0,0,0,637.1,3.7,3.7,3.6
781.3,783.1,774,"169,451.30","46,309.40",7.9,8.1,7.7,"1,101.50",0,0,0,926.8,3.6,3.7,3.6
788.2,791,778,"133,974.60","20,169.40",7.5,7.9,7.5,902.4,0,0,0,"1,175.90",3.6,3.7,3.6
789.6,795,785,"146,125.10","77,700.10",7.7,8,7.5,"2,735.70",0,0,0,"6,793.60",3.7,3.7,3.6
790,794,785.5,"152,133.90","31,310.90",7.8,7.9,7.7,651.4,0,0,0,"2,996.50",3.7,3.7,3.7
794,795,789.3,"186,548.10","16,503.10",7.7,7.8,7.6,"1,217.10",0,0,0,"1,289.30",3.7,3.7,3.6
808.5,809.3,791.5,"314,280.70","34,605.40",7.7,7.8,7.6,"2,163.70",0,0,0,"1,285.00",3.7,3.7,3.6
850.8,858.5,805.5,"807,951.10","80,870.80",7.4,8,7.4,"1,721.60",0,0,0,"10,320.30",3.7,3.7,3.6
899,909,838.9,"1,023,534.90","75,349.90",7.5,7.8,7.4,681.7,0,0,0,"5,924.00",3.7,3.8,3.6
895,920,841.9,"1,480,289.70","83,149.20",7.3,7.6,7,"3,385.30",0,0,0,"53,653.20",4.3,4.7,3.7
865.5,906.6,863,"915,512.80","29,437.40",7.3,7.4,7.2,226.5,0,0,0,"25,783.00",4.2,4.6,4.1
899.7,916.5,850.9,"1,390,679.90","104,055.10",7.3,7.4,7,"4,319.40",0,0,0,"51,769.20",4.2,4.4,2.9
911.6,914.6,886.3,"544,331.50","42,276.20",7.2,7.3,7.2,"1,285.10",0,0,0,"7,913.00",4.3,4.4,4.2
960.4,960.4,908.7,"1,483,148.80","120,533.60",7.2,7.3,7,"2,395.00",0,0,0,"53,972.20",4.5,4.5,4.2
974.7,984.5,947.3,"1,888,916.80","305,029.70",8.2,8.3,7.1,"2,275.40",0,0,0,"28,884.50",4.6,4.6,4.4
944,980,941.2,"1,330,012.30","228,713.50",8.4,8.6,8.1,"2,680.00",0,0,0,"25,870.80",4.4,4.6,4.4
956.6,967.9,925.4,"1,140,077.20","136,761.30",8,8.4,8,"1,333.00",0,0,0,"20,246.10",4.3,4.5,4.2
963.7,968,948.5,"355,245.20","90,801.90",8.3,8.6,7.9,"1,885.30",0,0,0,"3,416.70",4.4,4.4,4.3
"1,012.90","1,019.90",963.2,"1,441,145.70","113,072.00",8.2,8.4,8.1,"2,498.10",0,0,0,"21,950.90",4.5,4.6,4.4
"1,018.30","1,034.30",994,"1,850,506.10","132,803.70",8.4,8.5,8.1,"12,913.20",0,0,0,"31,273.40",4.5,4.7,4.5
"1,056.30","1,065.00","1,010.00","1,530,127.40","734,902.10",10.6,10.7,8.4,"1,554.00",0,0,0,"42,374.70",4.6,4.7,4.4
"1,136.10","1,159.10","1,055.00","4,736,821.50","739,426.50",11.1,11.6,10.3,"33,036.40",0,0,0,"175,045.70",4.5,4.7,4.4
952,"1,137.00",882,"9,946,939.00","985,972.20",10.1,11.1,9.3,"41,998.00",0,0,0,"95,245.20",4.2,4.6,4.1
820.4,959,818.5,"6,228,992.60","537,831.30",9.6,10.3,9.4,"16,866.50",0,0,0,"28,501.70",3.6,4.2,3.6
933,939.7,818.5,"3,496,213.10","261,272.00",9.9,10.1,9.6,"3,975.70",0,0,0,"25,543.20",4,4.1,3.6
892.3,938,880,"2,560,471.70","345,018.10",10.4,10.4,9.9,"6,975.50",0,0,0,"22,709.90",3.9,4.1,3.9
906.5,915.8,882.5,"958,451.70","259,148.40",10.4,10.8,10.2,"5,041.60",0,0,0,"41,965.00",4.4,4.5,3.9
919.2,927.8,901.2,"1,083,409.40","132,672.90",10.6,10.7,10.3,"32,470.20",0,0,0,"44,952.20",4.5,4.7,4.4
766.9,919.2,751,"7,076,359.00","618,511.60",9.3,10.6,9.2,"36,474.90",0,0,0,"91,313.80",3.8,4.5,3.8
791.4,832.9,756.4,"2,626,503.90","246,346.50",9.5,10.1,9.2,"16,948.00",0,0,0,"28,199.30",3.9,4.1,3.8
830.4,836,790,"1,669,173.60","81,399.20",9.7,9.7,9.4,"9,970.70",0,0,0,"7,431.10",4,4.1,3.9
813.5,836,802,"1,073,215.70","45,893.50",9.7,9.9,9.5,"3,614.30",0,0,0,"8,094.50",3.9,4,3.8
826,834.2,806.7,"710,967.10","42,706.60",9.6,9.9,9.6,"4,028.00",0,0,0,"9,573.70",3.9,3.9,3.9
878,893.5,816,"1,342,523.80","139,680.70",9.9,10,9.5,"5,429.10",0,0,0,"37,856.00",3.9,4,3.8
887,912,867.1,"2,393,537.10","569,161.10",10.2,10.5,9.8,"21,875.80",0,0,0,"29,041.90",3.9,4,3.9
896,900.5,850,"1,737,901.20","216,035.70",10.2,10.3,9.7,"13,746.50",0,0,0,"14,337.90",3.9,3.9,3.8
892.8,907,885,"1,093,172.60","328,505.70",10.6,10.8,10.2,"10,881.10",0,0,0,"10,291.70",3.9,3.9,3.8
916.9,924,882.5,"1,219,401.10","121,048.40",10.6,10.8,10.5,"12,801.50",0,0,0,"13,965.80",3.9,4,3.9
936,939.1,916.5,"1,016,001.20","148,895.60",10.9,11,10.6,"5,545.30",0,0,0,"7,077.20",3.9,3.9,3.9
920,938,894.1,"1,470,303.60","113,311.10",10.7,10.9,10.5,"3,015.30",0,0,0,"13,862.60",3.8,3.9,3.8
915,927.2,891.3,"2,189,429.90","193,159.90",10.6,10.8,10.6,"1,367.90",0,0,0,"42,998.00",3.8,3.9,3.7
894,918,884.3,"1,572,161.30","164,690.40",10.4,10.7,10.3,"3,363.50",0,0,0,"10,130.00",3.8,3.8,3.7
903,905,882.1,"914,165.80","69,133.40",10.5,10.6,10.3,"6,274.00",0,0,0,"24,578.40",3.7,3.8,3.7
915,920.8,901.2,"950,538.60","72,242.10",10.5,10.6,10.4,"11,852.70",0,0,0,"28,450.80",3.8,3.9,3.7
920.5,921.7,910,"766,025.80","37,236.40",10.5,10.6,10.4,"4,350.70",0,0,0,"18,797.90",3.8,3.9,3.8
919.8,926,916,"608,396.10","48,431.40",10.5,10.6,10.4,"1,357.50",0,0,0,"15,334.10",3.9,3.9,3.8
915.7,922,911.2,"350,121.70","40,900.40",10.4,10.5,10.4,"3,955.10",0,0,0,"30,335.10",3.9,4,3.8
930,933.5,911.2,"519,812.60","81,618.40",10.6,10.7,10.4,"7,662.40",0,0,0,"73,598.90",4.1,4.3,3.9
974.2,976.3,928.5,"1,767,711.70","159,515.00",10.6,10.8,10.5,"8,293.40",0,0,0,"34,315.20",4.1,4.1,4
987,990,955.4,"1,656,466.20","153,569.20",10.6,10.7,10.4,"22,539.30",0,0,0,"18,947.40",4,4.1,4
"1,006.00","1,023.00",983.5,"2,905,123.20","226,257.20",10.7,10.8,10.5,"8,178.40",0,0,0,"26,890.70",4,4.1,4
"1,006.70","1,020.00",990.1,"1,232,938.60","195,497.80",11.2,11.3,10.6,"5,067.90",0,0,0,"18,198.10",4,4.1,3.9
"1,025.80","1,040.00","1,006.10","1,468,645.20","155,223.80",11.2,11.4,11.2,"2,555.30",0,0,0,"23,490.20",4,4,3.9
"1,021.00","1,032.80",999,"1,415,593.90","93,588.60",11.1,11.3,11,"7,862.50",0,0,0,"23,528.90",4,4,3.9
"1,044.00","1,049.00","1,015.00","802,759.70","75,345.20",11.4,11.5,11.1,"4,316.40",0,0,0,"21,070.90",3.9,4,3.9
"1,030.10","1,069.10","1,015.00","1,698,448.20","132,588.70",11.1,11.5,11.1,"10,872.40",0,0,0,"41,710.90",3.9,4,3.9
"1,061.00","1,078.00","1,020.60","1,764,717.50","108,046.30",11.3,11.5,11,"12,523.20",0,0,0,"15,987.10",4,4,3.9
956,"1,066.40",898.2,"7,410,775.20","425,853.50",10.9,11.4,10.4,"33,394.10",0,0,0,"79,733.30",3.7,4,3.6
"1,010.00","1,010.00",952,"1,775,092.80","154,151.10",11.2,11.4,10.8,"5,531.90",0,0,0,"22,729.20",3.8,3.8,3.7
"1,002.30","1,010.00",984.1,"922,891.90","131,740.20",11.3,11.4,11.1,"2,510.70",0,0,0,"5,233.90",3.7,3.8,3.7
981.7,"1,005.00",975.9,"813,152.50","40,849.30",11.2,11.4,11.2,"5,421.20",0,0,0,"10,646.20",3.7,3.8,3.7
"1,016.40","1,018.60",980.5,"954,759.10","289,940.40",12.1,12.2,11.1,"4,708.40",0,0,0,"19,158.30",3.8,3.8,3.7
"1,007.00","1,019.00",995.1,"1,067,439.10","639,264.10",12.8,13.4,12.1,"15,386.80",0,0,0,"11,595.30",3.8,3.8,3.8
"1,027.10","1,032.10","1,005.50","690,101.60","177,002.10",12.7,13.1,12.6,"14,123.30",0,0,0,"15,889.80",3.9,3.9,3.8
"1,044.70","1,045.00","1,023.20","817,026.80","136,814.20",12.8,12.9,12.7,"44,191.80",0,0,0,"26,381.40",3.9,3.9,3.9
"1,069.00","1,070.00","1,035.00","1,474,437.40","59,797.80",12.8,12.9,12.7,"22,162.40",0,0,0,"7,617.60",3.9,3.9,3.8
"1,060.00","1,070.00","1,049.30","869,416.60","92,600.90",12.9,12.9,12.7,"38,180.00",0,0,0,"15,484.20",3.8,3.9,3.8
"1,062.00","1,067.00","1,040.00","917,835.70","62,020.00",12.8,12.9,12.7,"15,357.20",0,0,0,"22,808.10",3.8,3.8,3.8
"1,104.20","1,109.00","1,056.40","1,934,736.40","270,413.90",12.7,12.9,12.2,"4,661.50",0,0,0,"13,903.90",3.8,3.9,3.8
"1,114.30","1,133.60","1,098.00","2,022,715.90","126,042.80",12.7,12.9,12.7,"7,005.00",0,0,0,"24,259.20",3.9,3.9,3.8
"1,138.80","1,140.00","1,111.50","1,121,037.00","83,006.60",12.7,12.8,12.6,"4,940.60",0,0,0,"6,637.70",3.9,3.9,3.9
"1,187.80","1,225.00","1,107.50","5,643,402.70","513,541.40",13,13.4,12.7,"29,034.20",0,0,0,"42,857.60",3.9,4,3.8
"1,188.00","1,209.00","1,141.00","3,474,908.80","128,698.40",13.2,13.3,12.9,"5,857.90",0,0,0,"14,083.00",3.9,4,3.9
"1,167.00","1,188.90","1,129.00","2,539,404.30","327,125.70",13.6,13.8,13.2,"1,873.80",0,0,0,"6,058.30",3.9,3.9,3.8
"1,179.70","1,193.00","1,165.00","1,339,819.80","652,263.60",14.5,14.8,13.6,"3,006.40",0,0,0,"16,955.40",3.9,3.9,3.8
"1,197.00","1,208.10","1,172.00","1,820,285.50","1,268,119.20",16,16,14.4,"8,240.80",0,0,0,"20,444.00",3.8,3.9,3.8
"1,190.00","1,199.00","1,178.10","1,815,837.50","1,064,247.70",15.7,16,14.8,"18,785.80",0,0,0,"7,068.10",3.8,3.8,3.8
"1,229.50","1,238.60","1,188.80","3,688,478.40","1,090,271.70",17.4,17.5,15.6,"47,941.10",0,0,0,"37,970.30",3.8,3.9,3.8
"1,282.00","1,285.00","1,222.00","6,553,159.30","2,559,724.60",20.2,20.7,17.3,"74,760.80",0,0,0,"189,557.60",4.1,4.4,3.8
"1,281.10","1,295.00","1,260.30","3,577,286.80","2,361,363.60",19.7,20.7,18.2,"44,747.10",0,0,0,"65,024.30",4.1,4.2,4
"1,260.20","1,288.10","1,235.00","3,846,822.10","868,300.90",18.4,19.7,18.2,"16,779.20",0,0,0,"36,429.70",4,4.1,3.9
"1,282.00","1,285.00","1,250.00","2,157,454.20","550,019.10",19.6,19.6,18.4,"12,347.90",0,0,0,"24,710.80",4,4.1,3.9
"1,265.00","1,287.00","1,258.00","1,782,680.00","745,157.40",19.3,20.2,19.1,"11,186.70",0,0,0,"12,888.60",4.1,4.1,4
"1,204.80","1,271.10","1,157.00","8,349,046.40","1,828,648.50",18.3,19.3,17.3,"67,541.50",0,0,0,"37,064.60",3.9,4.1,3.8
"1,186.50","1,224.80","1,135.00","5,617,366.60","1,646,169.90",17.6,18.7,16.2,"123,430.70",0,0,0,"16,678.80",3.9,4,3.8
"1,188.10","1,210.00","1,157.00","4,781,778.40","1,079,171.20",17.7,18.4,16.7,"37,986.20",0,0,0,"26,803.40",3.9,3.9,3.8
"1,196.00","1,365.00","1,000.00","19,425,217.90","3,294,085.90",19.4,19.7,17,"137,634.00",0,0,0,"128,697.20",3.9,4.1,3.6
"1,179.80","1,196.00","1,150.00","6,038,161.80","2,358,119.50",22.6,23,19.2,"29,406.90",0,0,0,"18,907.30",3.8,3.9,3.8
"1,211.90","1,239.00","1,169.00","7,403,885.10","3,407,607.50",26.3,28.6,21.5,"55,168.10",0,0,0,"43,815.80",3.9,3.9,3.8
"1,226.00","1,249.00","1,211.00","7,761,552.30","7,002,781.80",28.7,31,25.2,"66,646.60",0,0,0,"437,008.70",4.1,4.8,3.8
"1,254.00","1,260.00","1,221.10","3,683,228.20","2,404,965.90",28.5,29.9,27.6,"23,760.70",0,0,0,"64,757.80",4.2,4.3,4.1
"1,215.00","1,267.50","1,175.00","8,563,458.40","9,326,475.80",41.6,41.8,28.5,"97,814.90",0,0,0,"122,105.30",4.1,4.4,4.1
"1,066.60","1,222.00","1,060.00","15,750,546.00","12,475,163.70",48,50.1,37.6,"160,817.70",0,0,0,"192,732.90",4,4.9,4
"1,070.40","1,164.80","1,049.00","16,049,872.60","14,750,965.20",38.2,48.5,32.5,"78,677.00",0,0,0,"202,776.00",4.1,4.3,3.9
"1,009.50","1,092.50",935,"20,670,876.50","14,207,889.40",38,41.1,30.7,"306,222.60",0,0,0,"140,232.20",4,4.2,3.8
"1,024.10","1,063.50",973,"9,739,710.50","7,700,203.00",43.1,45.5,36.1,"121,765.00",0,0,0,"102,564.20",3.9,4,3.8
"1,076.00","1,086.90","1,011.70","6,540,538.90","4,803,239.00",42.7,45.2,40.1,"73,257.50",0,0,0,"78,567.90",4,4.1,3.9
"1,060.00","1,123.40","1,056.00","8,798,769.00","2,390,547.20",41.5,43.5,41.3,"103,344.40",0,0,0,"78,840.00",4,4.1,3.9
"1,038.40","1,084.00",986.2,"11,174,870.90","3,889,772.30",40.6,42.8,38.6,"201,459.60",0,0,0,"157,298.00",4,4,3.8
"1,017.50","1,057.00",992,"6,060,238.60","3,420,263.80",43.3,44.3,40.3,"977,689.70",0,0,0,"160,864.50",3.9,4,3.9
931,"1,020.00",901,"16,170,174.40","13,707,036.40",50.3,54.3,43,"646,172.00",0,0,0,"264,113.90",4,4.3,3.9
958,980.1,889,"10,438,964.10","5,423,129.50",50.9,53.3,47.7,"365,050.10",0,0,0,"90,297.80",4.1,4.2,4
991,"1,008.50",948.4,"7,682,681.30","3,748,534.40",50.4,51.8,48.5,"192,800.90",0,0,0,"98,329.40",4.1,4.2,4
"1,047.00","1,047.00",980.7,"10,148,542.60","3,346,893.10",49.1,50.8,47.9,"206,879.00",0,0,0,"116,203.20",4.2,4.2,4
"1,020.20","1,066.00","1,008.00","8,249,995.30","4,428,243.50",53,53.8,48.3,"74,553.10",0,0,0,"95,478.40",4.2,4.2,4.1
"1,047.90","1,058.00","1,019.00","5,196,467.10","3,607,571.20",51.7,53.8,50.9,"200,078.80",0,0,0,"334,475.70",5.6,5.6,4.2
"1,047.10","1,058.60","1,022.00","9,637,088.40","3,849,385.60",50.4,53,49,"1,952,027.70",0,0,0,"4,060,698.70",6.6,8.3,5.4
"1,096.00","1,096.00","1,042.10","8,899,391.20","3,886,546.40",48.9,51,47.1,"1,767,837.30",0,0,0,"1,477,588.90",6.7,8,5.9
"1,098.00","1,107.10","1,069.00","6,334,689.60","2,224,773.80",50,51.8,48.5,"1,550,321.10",0,0,0,"1,392,626.90",7.5,7.8,6.6
"1,133.80","1,150.00","1,075.00","22,886,081.50","7,911,031.20",46,51.1,43.7,"16,088,049.90",0,0.1,0,"1,987,118.00",8.3,8.7,7.2
"1,149.60","1,161.00","1,120.40","13,609,437.60","4,102,420.50",42.6,47.5,42.2,"6,571,006.30",0,0.1,0,"1,999,447.80",9.1,9.6,8.2
"1,124.00","1,164.40","1,122.40","9,125,014.70","4,672,537.20",46.5,46.9,41.2,"2,923,718.80",0,0,0,"2,038,416.90",9.4,9.8,8.2
"1,154.90","1,168.80","1,113.50","11,768,759.40","2,592,803.30",45.6,47.2,43.9,"2,382,965.30",0,0,0,"7,316,668.50",11.7,13,9
"1,195.00","1,220.00","1,150.10","13,531,882.30","3,612,384.40",44,46,41.1,"1,960,847.70",0,0,0,"4,713,884.50",10.9,12.4,9.9
"1,200.00","1,208.00","1,181.00","9,562,997.30","2,684,155.80",44.3,46,41.7,"2,956,358.60",0,0,0,"2,448,744.00",10.6,11,9.5
"1,190.50","1,202.30","1,172.40","5,171,290.30","1,260,084.00",44.8,45.5,43.7,"852,447.50",0,0,0,"1,146,305.80",10.4,11.3,10.4
"1,214.90","1,227.30","1,180.00","6,864,642.30","1,124,149.10",43.8,44.8,43.2,"612,421.00",0,0,0,"3,477,224.60",9.2,10.5,9
"1,210.90","1,229.00","1,202.00","4,604,994.40","1,167,863.60",44.2,44.7,43,"624,480.40",0,0,0,"1,773,156.50",9.8,10.4,9.2
"1,232.00","1,246.20","1,206.30","5,395,288.90","1,276,721.60",43.9,44.5,43.7,"637,738.80",0,0,0,"2,549,211.00",12.2,12.4,9.5
"1,205.90","1,240.00","1,180.00","8,300,435.30","4,749,993.30",48.6,49.3,43.8,"1,093,389.10",0,0,0,"3,076,449.60",11.5,12.3,11.3
"1,200.20","1,211.00","1,161.00","7,552,147.00","4,244,006.80",49,51.4,47.9,"839,927.50",0,0,0,"1,636,521.10",11.2,11.6,10.8
"1,206.80","1,221.70","1,185.00","5,278,844.40","2,420,967.30",49,50.2,47.5,"493,639.60",0,0,0,"1,824,858.00",11.6,12.5,11.2
"1,208.00","1,218.00","1,186.00","4,777,013.00","1,556,868.50",49.5,50.8,47.9,"429,370.80",0,0,0,"1,027,167.60",11.8,12.1,11.5
"1,208.40","1,217.00","1,201.10","3,256,393.50","432,360.20",49.2,49.8,48.8,"353,690.20",0,0,0,"1,018,508.50",12.5,12.7,11.8
"1,266.00","1,270.00","1,206.00","10,166,463.80","2,050,894.00",50.3,50.4,49,"675,792.30",0,0,0,"3,576,212.60",11.6,13.1,11
"1,266.80","1,280.00","1,253.70","7,688,809.90","4,377,063.40",52.7,52.8,50.3,"731,575.60",0,0,0,"1,913,092.30",11.5,11.8,11.1
"1,266.90","1,293.00","1,257.00","5,983,907.50","3,882,086.00",50.9,52.8,47.8,"862,146.70",0,0,0,"1,776,088.30",10.9,11.5,10.5
"1,313.50","1,328.00","1,266.50","9,110,565.00","2,111,026.50",52,52.2,50.4,"1,177,022.00",0,0,0,"2,234,209.50",12,12,10.8
"1,320.70","1,335.00","1,308.00","6,180,984.20","1,416,152.60",51.2,52,51,"1,852,377.40",0,0,0,"3,637,174.60",13.4,13.7,11.9
"1,347.20","1,354.10","1,291.60","8,339,064.60","1,225,257.90",52.6,52.9,51.2,"865,847.50",0,0,0,"6,673,687.20",16.7,17.2,13.2
"1,330.00","1,366.90","1,328.50","7,495,040.60","1,815,285.80",53.1,54.3,51.9,"460,037.00",0,0,0,"4,844,801.30",15.6,17.4,15.6
"1,355.00","1,356.20","1,326.00","6,918,750.00","1,238,416.50",53.7,54,53,"979,747.90",0,0,0,"2,439,106.00",15.9,16.3,15.1
"1,376.60","1,380.80","1,348.40","5,770,856.10","860,423.40",54,54.3,53.5,"511,339.20",0,0,0,"1,993,454.00",16.5,17,15.4
"1,412.10","1,418.90","1,373.80","8,130,650.40","3,672,933.40",60,60,54,"899,966.80",0,0,0,"3,288,424.30",16,17.2,15.9
"1,426.10","1,450.00","1,396.80","12,502,588.10","7,636,944.60",72.6,73.3,59.9,"2,439,922.60",0,0,0,"3,782,993.60",15.5,16.4,14.2
"1,406.50","1,429.70","1,369.50","11,712,397.40","6,325,568.50",73.2,77.6,66,"4,382,164.40",0.1,0.1,0,"1,163,228.50",15.7,16,15.1
"1,426.30","1,438.00","1,404.10","9,678,192.10","3,448,013.00",75.2,76,71.2,"3,449,426.80",0.1,0.1,0.1,"2,203,703.00",17.2,17.5,15.6
"1,461.40","1,466.90","1,402.00","11,248,038.30","6,138,003.20",86.3,87.9,74.2,"2,274,870.90",0.1,0.1,0.1,"1,511,387.10",17.6,17.6,16.6
"1,543.00","1,585.20","1,446.30","18,318,573.80","8,455,827.90",84.1,87.5,77.3,"2,286,329.50",0.1,0.1,0.1,"3,037,495.40",17.4,17.8,16.1
"1,557.30","1,615.00","1,510.00","11,877,346.60","3,561,553.10",82.2,84.4,79.7,"1,288,042.10",0.1,0.1,0.1,"1,659,097.00",19.3,19.5,16.6
"1,608.30","1,628.90","1,545.30","16,707,949.20","4,488,919.50",90.2,92.6,81.9,"3,233,551.30",0.1,0.1,0.1,"9,245,756.10",22.5,24.4,18.5
"1,643.00","1,699.10","1,515.00","28,768,433.50","9,153,274.90",99.2,101,88.9,"8,621,799.70",0.1,0.1,0.1,"8,655,124.80",27.1,27.4,21.7
"1,567.60","1,661.00","1,454.10","30,992,262.80","8,770,564.70",92.1,101,85,"9,336,491.90",0.1,0.1,0.1,"7,353,784.50",26.4,29.5,23.6
"1,577.50","1,629.50","1,550.00","21,668,144.10","2,936,258.40",94.7,97,90.5,"4,836,924.00",0.1,0.1,0.1,"5,822,430.30",31,31.6,26.2
"1,675.60","1,690.00","1,568.00","39,033,113.50","6,267,421.70",92.1,98.7,88.5,"16,113,286.00",0.2,0.2,0.1,"5,695,645.10",29.7,32.5,28.4
"1,769.00","1,775.00","1,643.70","30,086,798.30","5,786,060.70",80,93.1,79.5,"17,230,961.70",0.1,0.2,0.1,"3,855,390.20",25.5,31.1,24.5
"1,750.40","1,813.80","1,702.00","29,625,534.40","5,981,958.30",89.5,91.4,70.5,"7,236,594.60",0.2,0.2,0.1,"7,984,675.60",38.8,38.9,23.6
"1,880.00","1,897.00","1,749.90","20,100,058.90","3,027,125.50",89.1,92.3,86,"4,175,773.70",0.2,0.2,0.2,"9,774,233.80",31.5,39.2,28
"1,819.60","1,901.00","1,759.60","22,175,380.20","2,362,494.20",91.1,92,87.4,"4,687,970.30",0.2,0.2,0.2,"4,019,356.60",30.7,34.1,29.3
"1,723.00","1,858.90","1,652.00","24,861,343.20","3,183,179.80",88,92,85,"6,334,944.90",0.2,0.2,0.2,"3,694,827.20",27.2,31,25.5
"1,846.00","1,849.20","1,723.00","10,169,491.90","1,076,638.10",90.7,91,87.1,"2,556,565.70",0.2,0.2,0.2,"1,832,064.50",30.4,31.1,27.2
"1,777.00","1,855.00","1,766.00","13,071,776.30","1,834,314.30",91.4,91.8,88.1,"4,866,165.60",0.2,0.3,0.2,"1,657,921.20",28,30.5,27.7
"1,735.00","1,786.00","1,719.00","21,579,469.70","3,427,701.20",92.3,95.2,91.2,"11,347,427.70",0.3,0.3,0.2,"4,922,405.30",24,28.3,23.2
"1,853.90","1,891.80","1,735.00","25,278,130.30","3,960,431.60",88.6,92.5,84,"19,630,302.40",0.4,0.4,0.3,"4,843,467.10",23.6,26,20.8
"1,882.00","1,900.00","1,834.00","19,463,227.10","3,201,967.60",96.8,96.9,87.4,"13,205,845.60",0.4,0.4,0.3,"3,580,304.70",26.2,27.1,23
"1,972.90","1,977.90","1,860.00","18,459,423.20","7,709,316.00",113.1,113.8,93.5,"8,622,207.60",0.4,0.4,0.3,"4,290,025.40",28,29.9,25.7
"1,995.20","2,000.00","1,926.00","18,781,478.40","8,234,665.20",123.4,130,110.7,"8,738,597.10",0.3,0.4,0.3,"2,016,250.10",27.9,28.7,26.2
"2,053.00","2,085.00","1,959.90","17,960,944.70","4,738,917.50",130,130,121.4,"7,288,735.50",0.4,0.4,0.3,"1,331,838.10",26.3,27.9,26.3
"2,155.00","2,160.40","1,985.00","23,904,087.70","10,305,445.30",167.4,167.7,128.7,"6,652,552.10",0.3,0.4,0.3,"3,541,004.30",24.1,28.9,24
"2,140.20","2,229.20","1,975.20","31,198,289.20","14,316,878.90",163.3,183.5,138.4,"6,282,744.70",0.3,0.3,0.3,"2,544,991.70",27,27,21.7
"2,294.00","2,320.00","2,105.00","25,571,926.60","9,459,597.30",181.8,186.8,152.4,"6,220,568.20",0.3,0.3,0.3,"5,311,813.30",32.8,32.8,26.5
"2,467.00","2,510.00","2,220.00","43,071,923.50","12,509,754.70",184.9,194.8,168.7,"9,912,300.40",0.3,0.3,0.2,"5,565,460.20",30.6,34.6,27.1
"2,385.00","2,698.40","2,075.10","65,450,454.80","18,012,181.40",178.3,205.8,141,"8,140,030.30",0.3,0.3,0.2,"4,689,793.10",29,34.1,24.1
"1,929.30","2,484.50","1,812.00","82,968,991.40","23,699,655.50",134,186.6,120.1,"9,233,148.90",0.2,0.3,0.2,"6,787,322.00",21,30,18.7
"2,134.00","2,134.00","1,538.00","78,198,448.50","29,734,885.20",169.1,171,100,"12,568,990.00",0.2,0.2,0.1,"3,744,028.90",24.7,24.9,15.5
"2,080.00","2,196.00","1,850.00","45,740,739.00","16,713,053.30",161.9,172.6,139.1,"5,313,960.90",0.2,0.2,0.2,"2,668,685.40",23.7,25,19.6
"2,239.90","2,284.00","2,069.10","35,806,343.90","24,465,210.90",212.6,215.6,159.6,"6,023,572.60",0.2,0.2,0.2,"2,588,796.10",25.8,26.1,23
"2,099.70","2,262.00","2,005.90","43,890,575.50","36,262,536.20",207,230.2,187.5,"5,114,545.70",0.2,0.2,0.2,"2,411,319.10",23.4,26,21.8
"2,325.80","2,325.30","2,083.40","31,993,481.40","19,952,680.40",222.5,227.2,207,"9,686,735.40",0.3,0.3,0.2,"2,097,366.90",26,26,23.1
"2,326.90","2,368.60","2,196.10","33,773,110.80","16,207,765.30",212.7,224,200,"14,492,334.60",0.3,0.3,0.3,"3,447,659.80",27.2,28.8,24.2
"2,395.00","2,413.90","2,267.90","23,445,802.40","5,990,462.40",214,218.7,208.5,"5,567,335.60",0.3,0.3,0.3,"1,789,112.50",26.5,27.4,25.3
"2,447.80","2,482.30","2,374.00","24,432,321.20","7,454,692.10",224.6,231,210.3,"3,607,823.60",0.3,0.3,0.3,"904,625.30",26.1,26.9,25.8
"2,505.00","2,535.00","2,425.00","17,995,144.20","9,835,059.80",238.3,246.1,224.2,"3,379,651.90",0.3,0.3,0.3,"2,151,209.30",27.9,29,26
"2,759.60","2,800.00","2,477.50","47,438,740.00","11,197,484.10",251.1,258,232,"4,388,437.60",0.3,0.3,0.3,"5,726,649.30",29.3,30.9,27.5
"2,790.70","2,895.00","2,652.00","64,316,693.30","14,312,182.50",258.5,265.6,246.7,"5,125,389.40",0.3,0.3,0.3,"3,583,011.80",29.5,30.9,27
"2,730.10","2,826.10","2,558.90","52,813,831.50","11,371,123.20",255,262,240,"6,533,875.10",0.3,0.3,0.3,"1,698,263.60",28.8,29.9,27.4
"2,790.40","2,830.40","2,656.40","27,126,487.60","6,483,322.50",262,262.9,248,"3,551,198.50",0.3,0.3,0.3,"2,726,943.20",30.1,31.5,28
"2,793.80","2,851.00","2,785.00","23,555,035.10","11,320,238.70",284.9,290.7,260.7,"2,080,743.70",0.3,0.3,0.3,"1,380,542.70",29.3,30.4,29.3
"2,826.10","2,906.20","2,760.00","31,841,906.00","24,908,299.70",340.8,343,283.5,"4,178,619.80",0.3,0.3,0.3,"1,301,830.60",29.4,30,28.4
"2,887.00","2,977.00","2,806.10","32,548,676.80","17,777,600.70",360.2,365.4,321.5,"3,396,507.40",0.3,0.3,0.3,"3,416,720.40",31.1,34.3,28.9
"2,680.00","2,893.10","2,300.00","97,033,058.70","74,211,736.50",376.5,408.1,299.7,"6,893,823.40",0.3,0.3,0.2,"4,015,624.60",29.1,31.1,24.7
"2,642.40","2,750.00","2,566.00","32,720,939.80","18,006,841.50",371,391,341.8,"2,742,998.10",0.3,0.3,0.2,"2,007,367.20",29.4,31.1,27.5
"2,352.00","2,675.00","2,115.00","83,004,797.70","47,116,349.80",324.9,377,280.1,"7,128,382.50",0.2,0.3,0.2,"5,072,322.90",27.2,30.2,24.9
"2,376.80","2,430.00","2,012.00","91,540,288.40","65,325,107.30",332.5,343.5,258.3,"5,336,951.50",0.2,0.2,0.2,"5,449,601.00",29.5,30.3,24
"2,453.00","2,480.00","2,318.00","38,523,254.70","20,573,145.50",347.8,355,328.6,"2,148,874.60",0.2,0.3,0.2,"13,249,356.20",37.9,39.1,28.6
"2,421.20","2,640.40","2,423.80","43,407,502.80","15,273,533.10",340,376.9,341.7,"3,326,724.90",0.2,0.3,0.2,"20,113,193.60",38.5,47.6,36.4
"2,563.90","2,596.30","2,408.00","37,813,784.00","15,476,087.30",359.5,368.1,335.9,"4,617,921.00",0.3,0.3,0.2,"14,386,644.30",46.9,47.8,38.3
"2,599.90","2,620.40","2,481.50","27,963,304.80","9,002,400.90",359.4,365,346.1,"4,539,985.70",0.3,0.3,0.3,"11,572,688.80",47,49.9,45.2
"2,708.10","2,785.50","2,563.70","42,514,404.60","18,041,234.90",337,367.1,321.1,"8,391,103.20",0.3,0.3,0.3,"7,222,906.00",43.4,47.1,40.8
"2,600.00","2,726.70","2,541.20","37,678,688.00","24,281,983.70",308,344.5,290,"4,707,667.60",0.3,0.3,0.3,"5,453,336.70",44,45.5,41.5
"2,685.00","2,714.80","2,569.30","18,261,863.70","7,858,823.10",326,331,306.6,"2,471,525.10",0.3,0.3,0.3,"4,410,926.80",45.9,48.1,43.7
"2,670.90","2,720.00","2,650.00","13,126,178.10","4,401,252.30",324,330.6,321.5,"2,972,827.00",0.3,0.3,0.3,"2,209,222.10",44,46,43.4
"2,518.10","2,675.00","2,431.70","40,488,785.70","17,298,911.10",298.3,324.5,284.4,"3,671,235.80",0.3,0.3,0.3,"3,750,756.50",41.9,44.6,40
"2,382.00","2,602.10","2,358.00","45,029,154.50","28,771,069.80",251.9,307,251.2,"2,508,351.40",0.2,0.3,0.2,"4,969,427.60",37.6,44,37.3
"2,330.00","2,463.10","2,192.00","76,914,761.20","55,347,748.10",231,263.5,206.2,"5,157,041.30",0.2,0.3,0.2,"6,970,742.00",35,39,32.7
"2,475.00","2,516.00","2,168.30","58,889,497.10","48,413,147.40",276,280.9,204,"3,700,624.10",0.3,0.3,0.2,"5,252,927.00",38.9,39.9,32.4
"2,506.90","2,560.80","2,428.90","31,902,377.00","35,553,726.60",307.2,318.5,268.6,"2,629,842.40",0.3,0.3,0.2,"5,337,245.20",40.7,42.6,38.4
"2,443.00","2,539.60","2,399.00","31,387,160.90","34,523,109.60",284.7,307.9,275,"2,277,048.80",0.2,0.3,0.2,"3,261,301.70",38.7,41.1,38
"2,432.20","2,510.00","2,357.60","25,743,158.10","25,371,086.00",264.5,302,255.5,"2,708,475.80",0.2,0.3,0.2,"2,168,461.10",38.4,40.8,37.6
"2,352.40","2,442.00","2,284.00","25,824,106.20","23,325,965.60",257.5,275.5,241,"1,398,624.30",0.2,0.2,0.2,"2,272,545.80",37.3,38.7,35.2
"2,426.40","2,465.00","2,340.80","23,803,556.40","25,505,193.20",268.7,286,250.7,"1,029,548.50",0.2,0.3,0.2,"5,736,763.60",43.8,44.5,37.1
"2,614.00","2,631.30","2,421.40","37,123,004.90","17,247,931.00",280.7,284.8,266.7,"2,059,410.70",0.3,0.3,0.2,"13,819,593.60",49.9,51.7,42.2
"2,498.10","2,618.80","2,480.60","23,921,264.10","12,885,805.90",258.4,283.7,255.1,"1,571,050.80",0.2,0.3,0.2,"16,797,992.80",50.3,55.4,48.1
"2,585.00","2,619.90","2,492.00","17,784,244.50","12,851,046.30",268.7,272,250.7,"1,035,474.10",0.2,0.3,0.2,"8,382,279.90",50.4,53.5,48.5
"2,521.00","2,602.90","2,509.90","18,476,908.60","7,170,957.50",253.2,273.1,252.1,"1,116,278.50",0.2,0.3,0.2,"5,268,657.70",47.3,51.7,46.4
"2,448.50","2,531.40","2,420.00","30,920,642.60","15,911,632.00",236.1,256.1,227.5,"1,878,375.40",0.2,0.2,0.2,"7,544,477.10",45,48.3,43.2
"2,515.00","2,559.00","2,443.60","17,587,402.20","8,121,003.20",243.2,249,232,"1,286,141.40",0.2,0.2,0.2,"7,557,919.90",49.7,52.1,45
"2,499.00","2,535.70","2,455.60","15,406,455.00","5,965,149.90",236.2,244.4,232,"981,323.50",0.2,0.2,0.2,"4,416,332.00",49.3,50.3,47.3
"2,300.00","2,499.00","2,183.00","63,628,089.90","39,914,730.10",185.8,236.5,170,"4,722,346.50",0.2,0.2,0.1,"11,382,670.40",42.2,49.4,40
"2,281.50","2,375.40","2,195.00","47,611,957.40","33,717,556.60",196.6,208,176,"4,003,833.80",0.2,0.2,0.2,"10,467,491.00",44.6,46.2,40.5
"2,320.60","2,400.00","2,270.10","38,502,054.10","33,150,746.70",203.9,225.7,194,"3,778,525.20",0.2,0.2,0.2,"9,388,265.30",44.4,48.1,44.2
"2,332.40","2,371.80","2,271.10","27,125,526.20","18,917,694.50",201.5,212,190.2,"1,701,441.60",0.2,0.2,0.2,"4,086,336.10",45.3,46.1,43.5
"2,040.10","2,333.00","2,000.00","48,042,446.00","19,910,893.60",185.2,202,180.2,"1,886,114.40",0.2,0.2,0.2,"7,821,279.40",39.2,45.4,38.7
"1,988.20","2,119.00","1,957.00","52,487,747.20","24,747,977.30",159.8,187.9,157.1,"2,118,397.30",0.2,0.2,0.2,"6,863,921.40",39.3,40.9,37.6
"2,045.60","2,088.00","1,835.00","68,301,666.90","55,146,659.70",174.2,180.5,138.2,"6,892,290.40",0.2,0.2,0.1,"9,944,128.70",41.8,42.8,36
"2,253.00","2,287.60","1,968.00","61,909,391.10","53,433,234.50",190.1,194.4,159.5,"5,056,408.60",0.2,0.2,0.1,"10,218,672.30",42.8,43.4,39.6
"2,376.00","2,409.90","2,204.00","72,884,003.60","105,379,617.00",239.6,265.3,185.2,"4,395,525.20",0.2,0.2,0.2,"8,328,442.00",43.6,45,41.6
"2,312.80","2,399.70","2,210.00","47,695,069.10","78,683,037.20",204.4,243.4,184.9,"3,674,189.20",0.2,0.2,0.2,"5,386,026.10",41.1,44.1,39.2
"2,763.30","2,926.00","2,302.60","140,575,287.00","64,768,210.60",235,240,202,"5,831,142.90",0.2,0.2,0.2,"13,897,116.20",47.2,48,40.6
"2,797.00","2,805.90","2,600.50","49,806,133.20","25,815,804.50",226.2,235.2,210,"2,399,740.30",0.2,0.2,0.2,"3,867,175.80",46.2,47.3,44.1
"2,726.40","2,909.50","2,713.00","64,685,145.60","21,964,923.80",222.6,237.2,221.7,"6,307,919.10",0.2,0.2,0.2,"4,265,138.10",44.1,47.8,44.1
"2,737.30","2,820.00","2,655.00","37,449,274.80","14,449,259.30",224.8,232.7,218.1,"2,901,798.40",0.2,0.2,0.2,"3,005,875.90",44.6,45.9,43.7
"2,664.00","2,815.50","2,625.60","44,879,302.60","14,279,768.20",211.4,229.9,210,"2,227,284.00",0.2,0.2,0.2,"2,950,240.70",42.4,45.7,42.2
"2,483.00","2,705.00","2,417.30","100,830,825.00","38,467,746.00",196,219,190,"3,780,249.30",0.2,0.2,0.2,"6,421,702.20",41.4,43.5,40.1
"2,538.00","2,579.40","2,400.00","40,488,715.20","13,116,174.70",200,206.5,194.1,"1,322,300.50",0.2,0.2,0.2,"2,292,520.80",41.4,42.5,40.5
"2,745.20","2,745.20","2,525.70","42,838,090.10","10,401,975.30",199.2,206,198.2,"1,459,556.30",0.2,0.2,0.2,"3,628,290.90",41.8,42.2,40.5
"2,738.20","2,844.20","2,681.00","49,020,243.20","14,935,967.80",182.2,201.3,181.8,"1,934,486.10",0.2,0.2,0.2,"3,770,942.30",38.8,41.9,38.1
"2,635.20","2,762.00","2,620.00","25,029,728.70","19,051,696.40",195.4,210.7,176.5,"1,371,386.10",0.2,0.2,0.2,"2,930,165.80",39.8,42,38.3
"2,741.00","2,755.80","2,626.00","19,124,914.30","8,186,182.40",195.4,203,191,"711,142.30",0.2,0.2,0.2,"1,305,293.60",39.5,40.9,39.1
"2,770.00","2,927.00","2,710.00","37,611,983.70","22,868,683.60",213,224.6,189.6,"2,555,841.60",0.2,0.2,0.2,"7,704,339.30",41.9,43.7,38.1
"2,712.20","2,824.40","2,640.00","45,259,190.90","31,711,645.70",221.1,233.2,204.1,"3,762,152.50",0.2,0.2,0.2,"6,138,305.00",42.5,44.5,40.2
"2,720.00","2,758.50","2,667.70","19,480,081.10","8,711,315.50",223.7,224.6,215.1,"1,592,565.90",0.2,0.2,0.2,"1,923,420.00",42.1,43.2,41.4
"2,813.80","2,813.80","2,717.10","17,116,911.90","10,070,477.00",225.2,228.7,222.2,"1,060,281.90",0.2,0.2,0.2,"1,388,867.20",42.6,43,42.1
"3,122.00","3,199.00","2,809.00","41,601,463.70","12,292,421.90",234.6,235.8,219.4,"1,971,973.10",0.2,0.2,0.2,"4,161,294.60",45.5,46.4,42.4
"3,175.00","3,333.00","3,121.10","43,088,954.90","33,133,819.10",252,266.5,232.7,"3,296,655.20",0.2,0.2,0.2,"3,307,440.60",45.5,47,45.2
"3,245.00","3,309.00","3,151.00","24,205,144.20","20,845,780.40",262.2,273,251,"1,906,858.50",0.2,0.2,0.2,"2,137,830.40",45.4,46.3,45
