Date,BTC Price,BTC Max,BTC Min,BTC Vol,ETH Price,ETH Max,ETH Min,ETH Vol,XRP Price,XRP Max,XRP Min,XRP Vol,LTC Price,LTC Max,LTC Min,LTC Vol
20151226,454.418112,460.999999,437,2783.62668,296.375584,0.89999,0.9,0.83995959,37.2824801,0.0064,0.00669407,0.0063,2.28463134,3.51880002,3.6999,3.51880002
20151227,419.549302,443,409.000166,11134.3494,44.5578093,0.85,0.89999999,0.85,0,0.0064,0,0,148.773947,3.36612688,3.6999,3.33
20151228,427.4,431.2296,417,4692.02672,37.92068,0.85880871,0.85880871,0.85,10.9754014,0.0065,0.0065,0.00627,14.9304507,3.53,3.53,3.5
20151229,424.461823,431.690374,417,5043.37705,396.406922,0.81622756,0.86267574,0.81267574,0.03667698,0.00611283,0.00611283,0.00611283,1653.40207,3.5,3.58617934,3.5
20151230,427.800029,437.078341,421.5,1861.8482,115.897718,0.87246947,0.89999998,0.81265794,59.0150896,0.0062,0.0062,0.00612176,198.857262,3.40041993,3.59350747,3.3697288
20151231,417,430.900048,417,4994.57987,3965.64965,0.91789441,0.95,0.85559679,0,0.0062,0,0,8.45192901,3.56304911,3.56304911,3.40041994
20160101,433.010137,433.010137,417.592945,1112.86613,18.9525754,0.92082835,0.969998,0.91301285,1.1998,0.005999,0.005999,0.005999,0,3.56304911,0,0
20160102,432.22,438.139999,428.270058,3018.84213,33.5695027,0.95913556,0.95913556,0.91870021,0,0.005999,0,0,0,3.56304911,0,0
20160103,426.453088,437.3635,426.453088,928.341834,128.583613,0.95699902,0.95699968,0.956,3.063385,0.00612677,0.00612677,0.00612677,2.81525023,3.43522154,3.56999,3.43522123
20160104,429.570011,435.679577,426.453091,706.781071,342.67127,0.96049884,0.97453798,0.95761216,0.14767739,0.00614945,0.00614945,0.00614945,0.05204325,3.43523009,3.43523009,3.43523009
20160105,430.701111,435.999999,429.5695,474.80461,128.098072,0.94104638,0.96222382,0.938,0,0.00614945,0,0,0.02323142,3.56999999,3.56999999,3.56999999
20160106,430.334187,433.768355,427.686396,1051.43671,272.24221,0.938,0.95999,0.938,13.1030262,0.00610607,0.00610607,0.006085,0.00375608,3.43523407,3.43523407,3.43523407
20160107,447.89,447.99,427.290001,5445.25722,185.513012,0.9394275,0.96702,0.9394275,0.02048057,0.00614945,0.00614945,0.00614945,9.40726147,3.53,3.53,3.43524633
20160108,453.1,468,446.999999,8953.52956,489.958749,0.99,0.99,0.93455024,85.7614992,0.00599999,0.00599999,0.00590001,147.524272,3.60494529,3.60494529,3.47619856
20160109,452.77,459.999999,446.999999,2500.63795,205.819347,1.0054,1.01555,0.94774669,65.3719753,0.006137,0.006137,0.0058416,0.47793214,3.48221539,3.519999,3.48221539
20160110,446.984428,454.03051,445,6016.76362,44.3673638,0.97343222,0.97381713,0.96923462,0,0.006137,0,0,1.17443689,3.5,3.63494529,3.5
20160111,447.128648,455.669999,440.020007,7102.42516,1661.07547,1.0137315,1.0725,0.97438273,0,0.006137,0,0,0.25584005,3.60880257,3.60880257,3.48221539
20160112,446.111142,451.276662,444.89,6078.92666,1964.56381,1.13900001,1.15,1.00029748,0.25329188,0.00570092,0.00570092,0.00570092,4.17865847,3.48221542,3.48221542,3.48221542
20160113,439.699999,448.62,424.001,10934.7381,2154.4177,1.07810867,1.2777,1.07810867,0,0.00570092,0,0,76.4974413,3.4421539,3.57099999,3.4421539
20160114,427.396935,438.699989,424,5187.96084,511.824239,1.145,1.145,1.07313839,5.96022776,0.00556176,0.00573216,0.00556176,0,3.4421539,0,0
20160115,407.66396,434.13,406.000066,7694.36991,269.277067,1.2279999,1.2749,1.12564641,67.7138181,0.00534812,0.00546974,0.00534812,14.6129307,3.40999979,3.55041359,3.3570506
20160116,367.745366,409.5,333.6,29079.4475,2063.73168,1.23811667,1.34888888,1.075,73.1987952,0.00483061,0.00523406,0.0046525,1714.23326,2.97700085,3.45,2.82666941
20160117,377.6,394.1,358.178512,17438.51,620.996338,1.21344179,1.28271719,1.14932594,3.99520917,0.00489204,0.00489216,0.00486649,0.8602385,2.98233775,3.10716287,2.92427659
20160118,374,389.999999,367.111129,11304.1437,1510.72436,1.430154,1.430154,1.223,0.91636853,0.00491703,0.00491703,0.00490262,705.699917,2.9442049,3.06,2.9442049
20160119,383.175001,399.949999,374.000004,23936.3138,9848.41519,1.44663371,1.6,1.2657,0.59906622,0.00510953,0.00542539,0.00510953,0.23028409,3.05926332,3.05926332,2.91941967
20160120,389,389.2035,376.734644,3998.47488,706.87744,1.34443675,1.40693792,1.30000006,94.1750031,0.005245,0.00528,0.005245,55.7853624,3.02000003,3.101387,3.02000003
20160121,416.200007,422.882709,378.1701,18517.8062,5595.40139,1.54965039,1.66409428,1.355,22.3270351,0.00524116,0.00561553,0.00524116,47.6002628,3.20600843,3.37056899,3.07398753
20160122,400.357147,419.998899,389.01,4267.2472,879.901113,1.53900109,1.61000003,1.45352566,0,0.00524116,0,0,48.7335469,3.19,3.3,3.16
20160123,391.736073,404.122298,375,9220.49827,1714.74625,1.71000033,1.7799999,1.45000001,27.6910869,0.00523324,0.00523975,0.00498965,410.890338,3.05273844,3.16,3.02899299
20160124,392.484449,404.360719,378.809242,16812.9504,9016.60517,2.16761023,2.19328526,1.72000001,56.3339001,0.00498967,0.00512001,0.00498967,14.0698433,3.05274061,3.18638194,3.05273965
20160125,399.173562,407.917999,392.887663,7822.74193,8629.39355,2.06149318,2.32212174,1.75,111.450638,0.00512223,0.00519683,0.00512223,13.2207483,3.0584069,3.19577315,3.0584069
20160126,387.17,403.901759,384.9095,18314.2004,14850.6942,2.738415,2.81999999,1.75000001,16.0424192,0.005,0.0051,0.005,1028.3662,3.05,3.19577315,3.00893946
20160127,392.070008,401.176098,384.332,19373.7163,10727.7546,2.31166222,2.85,1.96543694,289.257841,0.00588965,0.00588965,0.00522236,3226.86498,3.24341117,3.30945271,3
20160128,381.562,398.303228,374.688132,12586.8824,2925.92123,2.4,2.52995921,2.2010172,784.46525,0.00684723,0.00695199,0.00608799,812.273968,3.07963652,3.33,3.07963647
20160129,370.253902,384.77,357.590467,12041.6382,5745.90549,2.55,2.8,2.35,32.2926489,0.00655009,0.0066127,0.00576597,321.024273,3.14528164,3.18528134,3.00276043
20160130,376.09,381,368.75066,4792.39489,2068.11951,2.46901443,2.62569,2.29747213,150.384064,0.0075156,0.00785,0.0067609,111.785613,3.03902957,3.14528159,3.03902181
20160131,377.2,380.5,371.2,1398.21776,208.752277,2.40000001,2.57175269,2.38,117.235169,0.0059747,0.0075156,0.00578371,0.31592976,3.01000011,3.10816288,3.00276
20160201,364.637881,380.289999,362.6,12949.4796,2383.20334,2.11,2.5239998,2.11,1.31665511,0.00620754,0.0064721,0.00615437,8.60237988,2.98439106,3.01000217,2.98439106
20160202,376,380.099999,360.5,10052.9966,4133.81364,2.11100001,2.28638596,2.11,36.0873654,0.00647223,0.0066968,0.00530001,0.02490887,2.9880689,2.9880689,2.9880689
20160203,368.709611,377.065361,351.888196,10802.1872,12697.1061,2.2447959,2.485,2.111,2.00360239,0.00698897,0.00698897,0.00698493,329.59677,2.96023293,3.09861662,2.956682
20160204,371,373,358.51,8203.81244,7813.07361,2.56999999,2.5801174,2.35,1.78214427,0.00667654,0.00691408,0.00661054,9.3007753,3.098,3.098,2.97424675
20160205,389,391.981,365,17649.2095,10731.0515,2.49,2.5989999,2.39,5.58792096,0.00729425,0.00729425,0.00658162,35.7762408,3.16,3.16,3
20160206,373.2,397.975116,373.2,29174.2349,1772.0799,2.482,2.5989998,2.482,0.18859227,0.0079,0.0079,0.00789998,19.1776048,3.10000163,3.17828167,3.10000101
20160207,378.499999,379.999999,371,4006.09444,116.119493,2.44867399,2.59999999,2.42000001,229.938883,0.00897709,0.00899,0.0079,0,3.10000163,0,0
20160208,374.86501,381.674193,368.999998,16975.0704,5323.67888,2.89180392,3.125,2.4499998,64.9576847,0.00764449,0.00908559,0.00764449,0.11174792,3.01941587,3.01941587,3.01941587
20160209,374.159999,376.730008,369.099999,6944.10089,4033.44345,3.475,3.4768582,2.89180467,799.488939,0.00809995,0.09999661,0.00737619,87.9295184,3.02168042,3.16782815,2.98686631
20160210,378.457098,383.739652,370.358899,32676.0031,16700.5844,4.87999999,4.88,3.27500003,1276.04333,0.00819079,0.00819079,0.00736078,116.289456,2.92259752,3.06669456,2.92259752
20160211,381.999999,385,364.1,24191.3307,36330.8619,4.33508536,4.87999999,3.2,3542.67956,0.00805,0.00805,0.00735923,116.795367,2.94142223,3.11931841,2.93711047
20160212,353.516956,388.254,320,41546.5659,66293.0267,5.2,6.99999998,3.85000389,1040.46848,0.00722687,0.00819079,0.00638888,431.362733,2.88846412,3.10001622,2.641001
20160213,389.99,415.018696,320,55099.8171,49793.6761,5.19999998,6.5,4.00014537,1371.31056,0.00826757,0.00828735,0.00638565,2621.70887,2.95863031,3.39807056,1.642982
20160214,400.75,400.999999,380.311352,38542.0831,22577.7734,4.80821402,5.5,4.1333495,1206.82596,0.0087,0.00892,0.00766046,298.413163,3.18,3.18819997,2.96000002
20160215,407.639999,408.7,396,27541.9418,15835.5746,5.7,5.88575097,4.60000006,385.190801,0.00875199,0.00899056,0.0082017,577.468292,3.18499991,3.18499991,3.02910112
20160216,407.998999,409.05,397.59,34599.1389,16172.86,5.22955665,5.8899,5.00000034,505.21498,0.008334,0.0087496,0.00821153,389.855745,3.19,3.29999995,3.030012
20160217,412.999999,414,399.55,35525.4602,19978.4055,3.82727273,5.22955665,3.82727273,154.728553,0.00732745,0.00863526,0.00732745,268.345755,3.12835821,3.2599,3.09000001
20160218,420.000005,426,408,48215.7542,14604.1526,4.08048537,4.29997999,3.36,3711.36592,0.00742077,0.00827241,0.00742077,9.89123224,3.14283583,3.28753279,3.12835821
20160219,416,424.8,411.5,28854.6153,12947.3984,4.71322567,4.97333333,4.00000075,2279.79075,0.00846372,0.00848221,0.00742077,116.678976,3.24919994,3.49999778,3.16619566
20160220,422.179998,422.18,416.001,10768.1001,4249.47123,4.4,4.68999999,4.20000001,10.9806224,0.00797524,0.00847889,0.00797524,8.63020327,3.18835852,3.24929994,3.18283585
20160221,439,443.190002,420,49773.3542,3923.16001,4.469,4.62,4.11000001,6.8989979,0.00796831,0.00839997,0.00789632,141.05352,3.6,3.6,3.18935853
20160222,432.000025,445,420.489999,32028.0281,8682.68217,4.89600597,5.4,4.332475,574.054005,0.00830997,0.00831196,0.00794,44.7837617,3.56786944,3.60880257,3.27110001
20160223,423.33,441,418.49,42982.2686,31089.8048,5.54342372,6,4.75548639,0.11795097,0.00830997,0.00830997,0.00765001,79.8031076,3.49379403,3.49379403,3.24240452
20160224,413.075148,428,411,36678.4929,13200.003,5.50999999,5.85,5.3,8.17319588,0.00814999,0.00814999,0.00814999,359.66113,3.28531295,3.49379401,3.28531295
20160225,402.000004,422.7,384.02,63426.7719,66246.1502,6.1,6.1,5.42803848,99.4922184,0.00771047,0.00815,0.00754857,2125.42969,3.13366337,3.36379358,3.05
20160226,423.045169,425.701817,397.059999,58609.4203,81278.7651,6.18998999,6.299,5.37000002,171.488757,0.00798461,0.00823425,0.00793686,116.521479,3.39299237,3.39299237,3.13366337
20160227,429,434.99999,420.000019,27148.3535,13993.93,6.26299999,6.263,5.72173758,134.949683,0.00786,0.00822723,0.00786,460.231674,3.401,3.401,3.21850916
20160228,424.935003,433.491557,420.001,21612.597,38782.7387,6.33134215,6.5,6.11268334,68.2414803,0.00815473,0.00815473,0.0078,67.7826365,3.29411868,3.43637935,3.29411868
20160229,435,439.44,380.99999,75623.9822,19669.3538,6.48040739,6.6,6.33134233,0.81776379,0.00815469,0.00815473,0.00751521,639.656883,3.4,3.48999999,3.27941177
20160301,437.425983,441.304648,428.199999,29131.0022,16421.0149,6.44999707,6.55727927,6.09,528.005364,0.00790004,0.00815476,0.00760056,482.293503,3.36000837,3.5,3.30000096
20160302,432.363431,442.899999,424.73,53073.3185,69948.076,7.44952821,7.94299999,5.1601,1328.81813,0.00820802,0.00827973,0.0078,625.384296,3.38300478,3.5,3.3600261
20160303,421.301344,437.999999,418.721,47565.7743,25649.2717,9.26966925,9.71137498,7.44628544,720.730666,0.00783868,0.00815454,0.00782682,892.308947,3.26000294,3.48000489,3.26000037
20160304,422.795428,437.494444,408.089999,87028.3064,64925.4724,9.38899992,9.99999998,7.6,2524.99075,0.00844917,0.00845736,0.00782001,1989.93566,3.22381476,3.46100458,3.1000002
20160305,393.999605,424.999999,390,87850.8814,37256.9285,10.4179545,10.4754,8.70000101,479.232784,0.0084103,0.00844887,0.00757023,2330.04239,3.05511294,3.39299536,3.02101127
20160306,403.5,410,378.88,147969.78,160035.491,11.7876078,12.3,9.886,347.540998,0.0078521,0.00788694,0.00716205,1744.73617,3.25985527,3.25986227,3
20160307,405,433,397,80952.3405,77802.0988,10.2100012,11.8045134,9.79999999,2862.26445,0.00765072,0.00808493,0.00735232,286.205553,3.23999997,3.33688059,3.10002351
20160308,411.799999,420.026881,403.79,74665.9989,77528.0409,9.49000002,10.5,8.4842003,1500.75576,0.0079321,0.00794334,0.00764545,585.006404,3.26999999,3.27,3.17
20160309,414.298,414.593698,402.830428,47327.1805,34523.7388,10.9579062,10.9579063,9.09862898,152.784722,0.00811038,0.00812037,0.00765447,525.099707,3.21494986,3.27,3.10000063
20160310,413.238329,415,401,83783.8671,68849.1605,11.8016002,12.209,10.0142007,216.615463,0.00799729,0.0084789,0.00769831,1178.43485,3.17001097,3.27,3.17001097
20160311,420,421.13,408.8,60716.6509,53174.4187,10.5899998,11.9599999,10.3,546.970612,0.00836239,0.00863301,0.00800298,87.8016484,3.37024,3.37024,3.17001218
20160312,412.62,424.444751,407.5,82243.0904,106201.677,13.00342,13.755,10.5201001,106.803336,0.00811535,0.00969388,0.00811535,668.857489,3.1790081,3.42499941,3.1790012
20160313,415,417.988979,406.572969,76515.0901,82731.0253,14.469122,14.7048258,12.4212028,646.264658,0.00888955,0.00895229,0.0081,219.73273,3.3,3.32340022,3.19341929
20160314,413.52,420,399,134925.683,162820.687,13.3,15,11.3921416,17.1939721,0.0087844,0.00887131,0.00810005,1058.06059,3.27999999,3.30999026,3.17001041
20160315,413.8,419.999999,385,102087.393,102815.732,12.65,14.98,11.9,3627.35552,0.00810007,0.00850486,0.00810004,231.067823,3.32547628,3.32547628,3.1700111
20160316,413.826413,418.469999,408.05,40375.5237,20113.4743,13.27,13.5,12,454.767898,0.0079,0.00837544,0.00720101,22.0544699,3.21000631,3.34999027,3.20585781
20160317,417.417,419.98,410.87,29424.1528,16281.791,11.95,13.6,11.9,63.5144247,0.00822,0.00822,0.00790344,70.672217,3.25000144,3.32964695,3.2182148
20160318,414.200004,428.852471,413.240789,90303.1939,91671.0788,10.4798999,12.1772062,10.1899999,289.960496,0.0081,0.00841887,0.0079,285.714453,3.28799899,3.32964696,3.16799898
20160319,407,418.18,395.0001,139333.654,127233.582,10.15,10.9709261,8.41290001,37.5061949,0.00783571,0.00841625,0.00783511,80.0736148,3.09510128,3.28799899,3.062
20160320,408.89,416.795,400,67888.7163,26777.1378,10.2689054,11.0350692,9.85010001,585.207012,0.00809849,0.00812953,0.00782,95.5714118,3.19677767,3.22979357,3.0951
20160321,406.324706,415.711296,405.2,39605.7268,25609.7329,11,11,9.62,2999.07605,0.00812146,0.00812822,0.00778,550.072953,3.12,3.27,3.1
20160322,413.05,414.53155,402.92,60106.0705,46961.8799,11.6048169,11.9999999,10.65,360.921225,0.00812743,0.00812834,0.007905,11.897664,3.19,3.19999988,3.12000014
20160323,416.416004,420.25802,411.812,49217.0607,28145.3982,11.78171,12.1478078,10.9,499.222854,0.00813993,0.00813993,0.00791477,529.794159,3.23,3.24709185,3.12300343
20160324,415.852,423,415.816,30119.2262,25611.0323,11.2212846,12.499,11.2186843,96.6534478,0.00825647,0.00851065,0.00813993,63.0799067,3.2150014,3.27799877,3.17007329
20160325,416.7,423.814428,413.501087,49024.4088,24702.4672,10.7474371,11.6730945,10.6,75.2978687,0.008,0.00843506,0.008,306.767415,3.18889257,3.26,3.17515107
20160326,419,420.591174,414,14569.3466,6274.47606,10.8879179,11.1982533,10.2700855,27.275921,0.00800841,0.00821977,0.00800826,30.4974737,3.30000105,3.31421723,3.18889432
20160327,418.989899,420.58,413.93,15783.0193,9764.22652,10.87,11.0438018,10.5736901,26.4566056,0.00800381,0.00813798,0.00800381,32.9503684,3.18890776,3.25649193,3.1889075
20160328,426.649999,428.999999,415.830515,55959.5834,21808.5269,11.2976835,11.4033526,10,655.00475,0.00781008,0.00812159,0.0078101,417.286042,3.40645649,3.419,3.21000035
20160329,425.152181,428.752091,420,51183.6266,35036.4271,11.5799999,11.88,10.8621073,1852.15756,0.00778431,0.00800009,0.00715,132.21607,3.23280001,3.40645611,3.21003688
20160330,415,428.5,410,132508.13,50499.9868,11.9,12,11.4367454,353.457258,0.00783555,0.00785127,0.00734236,904.258418,3.17195821,3.29745576,3.15666717
20160331,418.3,419.399824,410.05,40600.9449,16375.5839,11.8600001,12.1788317,11.6988554,524.398424,0.00737894,0.007836,0.00690113,252.705916,3.2160109,3.24999236,3.18100893
20160401,417.0166,420.422596,415.751,22663.6249,6682.18251,11.6367477,12,11.2719111,461.535989,0.00749067,0.00757907,0.00731134,1047.41268,3.25579759,3.29286761,3.20947326
20160402,423.149999,424,416.000003,32642.8621,3097.43458,11.4300005,11.9499999,11.4174186,29.3321092,0.00748509,0.0075,0.00707141,298.811418,3.24600001,3.3,3.21941138
20160403,420.761345,424,418,53852.0652,6487.56504,11.6638772,11.6908309,11.3543172,2148.98747,0.00751859,0.00759526,0.00722194,52.8961885,3.272,3.30447481,3.23720606
20160404,422,424.5,419.9191,60986.7437,9071.9872,11.577241,11.7055,11.5223403,1001.89151,0.0075383,0.00757396,0.00734981,166.320447,3.2700385,3.2986342,3.24401021
20160405,423.739999,424.499,420.2,32267.3491,25816.9753,10.8339143,11.5772412,10.7,266.688005,0.0074,0.00759525,0.0074,72.1995429,3.28230925,3.28899925,3.19
20160406,423,425.887,420.25401,21656.206,17516.8019,10.33,11.0077079,10.1353544,379.398974,0.00722743,0.00747399,0.00722596,69.2413461,3.21632322,3.28929611,3.21627417
20160407,420.084999,425.938118,420.083,41874.6682,11046.8527,10.7516503,11.029654,10.2735644,112.322862,0.007109,0.0073924,0.0071,194.727172,3.23000026,3.26499904,3.21632572
20160408,424.549999,424.705001,420.083,14780.159,22411.3557,10.0495316,10.69,9.85,559.367148,0.00654085,0.00710008,0.00654085,529.819986,3.23000817,3.27789974,3.23000228
20160409,419.999989,426.7,414.908999,64594.7721,28028.1204,9.95,10.0820969,9.6101,561.195843,0.00624434,0.00686,0.00624434,121.044944,3.19309956,3.27789996,3.19309569
20160410,416.11,423,414.140001,54595.0477,53724.0883,8.86108155,10.020541,8.64,47.2262162,0.00600203,0.0063723,0.00600003,237.327441,3.18002555,3.25011301,3.18
20160411,419.620004,425,416,82899.0419,64370.8578,8.55,9.0188308,7.28025002,428.564279,0.00609849,0.00611115,0.0056804,709.106261,3.25309568,3.25309569,3.18000425
20160412,426.29,428.249494,419.620004,29223.0367,22033.042,7.98421176,8.74999999,7.95259275,44.7365764,0.00579586,0.00649307,0.00579435,477.143954,3.285,3.3,3.20312336
20160413,424,429.98,422.5,55412.0911,34215.6739,7.46938549,8.25,7.05010002,1770.93735,0.00557,0.00636633,0.00557,749.116067,3.25036085,3.3072141,3.20309569
20160414,424.57,428.999,423.24,36507.3876,25151.9867,8.76727437,8.76490171,7.35959517,45.0483571,0.00595462,0.00596479,0.00557001,261.755186,3.27328673,3.41,3.22456144
20160415,426.432,428.85,423.511,28928.6348,23182.8985,8.55,8.76788762,8.2,173.542128,0.0064,0.0064,0.00598029,217.093516,3.25,3.36,3.22811757
20160416,434,437.304886,426.431,27834.0906,15449.6602,8.18672127,8.67023516,8.18672127,10.328182,0.0065,0.00654383,0.00608887,99.6907858,3.326,3.326,3.24000005
20160417,431,436.679601,430.84,31310.2388,24954.544,8.90025914,9.39291919,8.18672127,59.4688782,0.00620671,0.006575,0.00618437,655.653015,3.31783024,3.419,3.21
20160418,428.819999,438.791187,426,77215.9034,26121.9863,9.21199999,9.78088042,8.85421215,154.459519,0.00706029,0.00706029,0.00620702,1269.9493,3.26480007,3.34,3.2
20160419,429.6,432.8,427.286218,29742.5851,29004.5236,9.2589588,9.45982817,8.51985759,64.8985036,0.00714001,0.00719516,0.00671114,236.609546,3.24381404,3.28761731,3.24000006
20160420,437.94751,442.754812,429.3289,40280.8532,47909.2457,8.73000008,9.31358639,8.550081,558.096203,0.00724832,0.00731866,0.00686886,1068.31379,3.31,3.35654285,3.24381404
20160421,441.999968,448.540542,437.51,42067.9523,12492.6082,8.71708444,9.35,8.37564026,425.163192,0.00775996,0.00775997,0.00687099,2607.20066,3.3069057,3.33999987,3.27178243
20160422,445.7,459.245,441.999968,82519.5685,37949.6857,8.25155904,8.82515306,8.05,72.5505733,0.00741,0.00775996,0.00693169,1449.1718,3.34760005,3.40543347,3.3017881
20160423,451.07817,455,445.7,47579.5818,20343.8968,8.03581849,8.35335998,7.80001,19.6986023,0.00742027,0.0074893,0.00725307,104.314092,3.38099999,3.38487151,3.32017285
20160424,454.28,460.458742,446.62111,26546.7527,17973.5553,8.2335,8.686,7.80001,64.1458546,0.00703723,0.00747282,0.00703723,3268.30187,3.485,3.47877481,3.33
20160425,461.612024,464.95,451,26110.9963,15898.0127,8.012,8.46807381,7.96019427,9.30989295,0.0073901,0.00746911,0.00722501,2514.1991,3.64206097,3.93199349,3.40000001
20160426,468.086587,474.068915,456.55,58375.7103,52413.877,7.2864041,8.149,7.18683104,79.728461,0.0070178,0.0074284,0.0070178,7926.15389,3.99594149,4.5,3.54090001
20160427,466,472.06646,463.223,51678.3988,23678.9794,7.477047,7.6,7.11809996,48.4877846,0.0068655,0.00723197,0.0068655,4654.67936,4.36733803,4.68052568,3.87
20160428,441,467.999999,421.91,121943.834,34210.3786,7.4,7.98754822,7.3,204.775383,0.00642399,0.00687167,0.00642399,12336.4342,3.7626456,4.28994985,3.69024003
20160429,446.0101,451.88,437.13,37111.089,27805.5962,7.58900053,7.67326427,7.2,1.90848449,0.00670357,0.00673542,0.00668349,8542.59824,3.76111065,3.8703126,3.3
20160430,455.543999,484.484,445,36506.1956,9545.66262,7.66613604,7.84,7.36824422,3.49687409,0.00685814,0.00685814,0.00674359,3125.53621,3.74480127,3.87899288,3.73161092
20160501,444.2,456.456,440.01,42454.5553,75028.8331,8.70099513,9.44464782,7.65998908,0.21898708,0.00688139,0.0068814,0.00658001,3975.86883,3.76987739,3.80183221,3.59198924
20160502,445.974901,455.2,443.564696,24697.3988,13055.6822,9.18488801,9.18488801,8.37336868,1350.17173,0.00658007,0.00688138,0.00658005,190.101208,3.73610502,3.78089614,3.66
20160503,446.892605,449.489999,425.9,75376.5749,76845.2683,9.71348501,10.2680416,9.18477999,137.001095,0.00668718,0.00668718,0.00647,1971.8847,3.69098821,3.73897232,3.56787563
20160504,450.849,450.9,442.95,16879.2837,13040.0864,9.58010922,9.88609052,9.25,34.4672537,0.0063375,0.00658715,0.0063948,1185.67807,3.76462228,3.7890733,3.66995199
20160505,449.89,450.1,444.213909,8198.3809,16814.9389,9.55844865,9.99899999,9.3500002,1021.92473,0.00625821,0.00638374,0.00610494,820.077529,3.7324924,3.79473925,3.7
20160506,449,451.89,444.479999,22888.5564,22778.4903,9.75,10.0456272,9.36,1540.54823,0.00629621,0.00629621,0.00610498,5600.53935,3.71020025,3.8,3.66000001
20160507,459.979999,463.047875,448.377261,38842.1161,23761.2151,9.42288576,9.929827,9.03,15.5323599,0.00652972,0.00652973,0.00629109,1128.46457,3.8797058,3.91546708,3.71020116
20160508,462.98,463,455.327999,18963.9095,20610.4695,8.97820689,9.5,8.97820689,25.0993754,0.00652037,0.0065297,0.0063338,1370.52706,3.97900679,4.01999807,3.88000463
20160509,460.809999,462.737586,455.41,8396.48681,10522.1659,9.67354794,9.69094982,8.97820689,5.61069117,0.00640585,0.00640585,0.00630298,1273.90552,3.92746862,3.9727937,3.89000267
20160510,460.53,465.070299,456.06,15173.3051,9284.57365,9.383542,9.61827935,9.205,13.0831842,0.00634586,0.0064,0.00631085,4405.35039,4.1277386,4.19653068,3.895
20160511,453.500004,460.609999,449.489999,25400.2453,16583.9055,9.55606905,9.5999,9.28297957,51.1442068,0.00617671,0.00634586,0.00616402,4268.46009,3.91,4.11910926,3.71000031
20160512,449,455.719006,448.259275,31405.5818,29963.0868,10.1,10.1,9.46105741,392.024805,0.00604286,0.00623109,0.00603598,2082.86153,3.80203789,3.9366959,3.80203789
20160513,450.862521,455.03,448.09,14305.8928,21855.5553,11,11,9.91495001,3554.10969,0.00615,0.0065,0.00610141,125.357375,3.86999999,3.88254386,3.78630675
20160514,457,457.98,450,32522.2148,33934.8835,9.79092024,11,9.79092024,1569.80223,0.00598889,0.00615,0.00570955,2369.21703,3.97977807,4,3.83380466
20160515,457,458.5,453.582767,13099.2373,10933.6889,10.124,10.3999999,9.78245653,10.7710175,0.00607185,0.00607185,0.00582067,157.271761,4.00746727,4.04571473,3.97315918
20160516,459.034449,463,455.627977,29365.9163,31858.6275,10.1852778,10.4,9.87056892,11.0281722,0.0060914,0.00609141,0.00601481,780.484094,4.06056711,4.11117807,3.93333129
20160517,457.25,461.979999,450.9,45452.8767,38750.8123,11.6269112,11.646635,10.0593803,35.5765236,0.00609887,0.00609887,0.00609102,1500.57359,4.0279176,4.21999999,3.97168071
20160518,450.13,457.967379,448.294154,36204.4563,55849.0999,12.85,12.85,11.594279,44.5472999,0.00585798,0.00609888,0.0058,313.593269,3.96129904,4.02791762,3.93084704
20160519,446.775182,456.69,443.800923,74564.0306,83041.0073,13.7411308,14.0337001,12.5,145.797187,0.00580475,0.00608832,0.00576377,2685.13866,3.97,4.06840808,3.93
20160520,429.999,453.711747,429.999,120676.194,108241.225,14.3550237,14.7965,13.5367287,4753.25105,0.006,0.006188,0.00595,2030.15995,3.78296997,3.98518742,3.74368998
20160521,436.194076,444.444444,420,80311.1313,73586.5842,13.5230523,14.71,12.6222969,493.659575,0.0059,0.00609981,0.00572381,980.578981,3.834,3.93765202,3.7
20160522,437.636695,440,418.175086,26621.8174,15911.0306,13.8311123,13.95,13.111,6.0688169,0.00589,0.00594987,0.00575003,551.661835,3.95999999,3.95999999,3.83061593
20160523,432.772476,450,420,56444.36,46863.9464,14.2330627,14.2501001,13,2074.93936,0.00594985,0.00594988,0.0057,866.064866,3.86169724,3.98477859,3.8
20160524,443.9,444.979999,431.82,25603.2225,37335.4047,13.5201929,14.25,13.165,231.686152,0.00576468,0.00594985,0.00567642,169.196132,3.98140906,3.985,3.86169724
20160525,448.98,450,441.5,48566.3272,57669.7355,12.5,13.5201929,11.8825,230.991984,0.00576197,0.00593981,0.00576197,704.829184,3.99383991,4.02575844,3.93
20160526,452.137999,453.35,444,19700.5926,23273.4356,12.37,12.85,11.65,304.160817,0.00553895,0.00589588,0.00553895,426.331726,4.05265726,4.06025812,3.952
20160527,472.97,474.163727,445.13,115626.637,41897.7183,11.553,12.5473954,10.5744092,1545.30087,0.0057998,0.0057998,0.00543,6143.74523,4.3,4.45000001,4.01010842
20160528,493,508,460,184279.065,71445.8,10.905609,11.7388958,10.143,333.609719,0.00532085,0.00579996,0.00532085,11121.6613,4.493,4.733,4.18881487
20160529,511,522,461,346066.801,107540.239,11.8334684,12.3499999,10.63,330.298213,0.0054,0.0055876,0.00485029,8573.05547,4.474,4.59899972,4.01
20160530,530,551,509.55,290155.356,81120.0301,12.4081393,12.5250608,11.6501,2349.65149,0.00565,0.00619769,0.00535016,8647.15403,4.549,4.70539171,4.26000002
20160531,538.99,542.434199,524,150980.167,46091.4139,12.6250014,12.79,12.221,4093.53961,0.00568989,0.00579909,0.00540585,2291.70654,4.61,4.6642,4.46622973
20160601,529.92,549,510.5,274330.202,148811.788,13.8521489,14.2999,12.6250014,937.015272,0.00560726,0.00572759,0.00550001,3501.32975,4.63564927,4.71799064,4.46602337
20160602,536.000005,541.999999,522.142,167248.276,70882.4392,13.8,14.03,13.3431475,239.448923,0.00578445,0.00579019,0.0055501,1362.46467,4.67732389,4.77112485,4.61100001
20160603,537.99999,539.831291,531.783097,60231.0468,30179.7155,13.760103,14,13.6500001,840.567526,0.00569592,0.00581791,0.00562,772.812589,4.70222922,4.73289996,4.66018551
20160604,584.46,585,537.99999,315809.781,75759.4737,13.8404989,13.8600039,13.3563341,220.976996,0.0059,0.0059,0.00565048,5565.85053,4.89344616,4.89344617,4.70222922
20160605,579,592.17,560,235417.195,59637.5575,13.8039576,14,13.5,825.752298,0.00589,0.00593976,0.00570002,16295.0221,4.83002468,4.96248899,4.7
20160606,580.704202,583.896624,570,97017.9524,29721.3798,13.7,14.0145828,13.7,431.467197,0.00584979,0.00589,0.00551313,1937.41959,4.90384092,4.965,4.8
20160607,583,587.574,580,96108.3755,15905.5419,13.92,14.012498,13.6880981,5865.20484,0.00577956,0.0059,0.00560001,1389.26092,4.90146646,4.98,4.886
20160608,576.949999,589,560.102,149334.472,74989.5672,14.471,14.75,13.9099996,11243.3408,0.00563749,0.00589,0.00557539,2611.89605,4.78099997,4.93699977,4.7
20160609,581.969999,583.123456,572.947671,41823.8586,55230.6449,14.4599769,14.7499999,14.1448314,600.9026,0.00578889,0.0057889,0.00559001,1389.34604,4.77088137,4.80597587,4.70100752
20160610,577.309307,582,567.626498,54695.4808,49670.8823,14.21,14.6003049,14.11,289.529738,0.00561426,0.0057889,0.00561426,4084.10947,4.75,4.77799999,4.65
20160611, , , , , , , , , , , , , , , , 
20160612,618,627,581.13,198505.414,103166.676,14.1,14.362861,13.76,567.554488,0.0055836,0.00577927,0.005426,5009.51236,5.188899,5.26,4.8811182
20160613,682.099999,694.99,616,493544.173,262302.035,16.3999999,16.3999999,14.07,10026.3056,0.00562522,0.0057793,0.00546726,22144.6388,5.35699997,5.38745001,5.02
20160614,685.6896,700.648803,670,780298.008,533088.566,17.95,18.9499999,16.026,29217.1756,0.00800957,0.02,0.0054675,21970.5259,5.18099999,5.39999998,5.06140601
20160615,668,688.7,585,950920.385,499252.198,18.0480225,18.94,15.11,44620.5685,0.00678178,0.00899999,0.00557023,12176.48,5.09999,5.19446057,4.455
20160616,737.989998,740,662.33,687977.094,439214.302,19.6,19.7391778,17.2315317,9897.99954,0.00656,0.00695966,0.00630302,12031.7565,5.42999988,5.42999998,5.044
20160617,743,774.767,703.918871,1269048.74,1169913.33,19.3623432,21.4,18.9,31313.2629,0.00690464,0.007,0.0064,68900.6255,5.40785086,5.99999999,5.2
20160618,739.420001,770.999999,687.01,1939839.97,1929786.81,12.9249353,19.35,12.546,9116.6495,0.00666313,0.00699449,0.00625,24339.6925,5.52817421,5.93832382,5.13610147
20160619,751.52,788.899999,705,1617879.59,1624023.04,12.7897532,14.0522379,7.1142433,4606.57089,0.00655287,0.00684499,0.00622012,25804.357,5.5623384,5.76048148,5.28511488
20160620,765,769,748.0002,530987.826,421503.084,11.3,13.55,10.5011111,8365.00351,0.00665615,0.00829999,0.00645002,3242.49625,5.52919414,5.62916337,5.35267382
20160621,703,765,639.886261,1610300.7,275838.694,11.56,11.9999999,10.6427934,7384.48175,0.00649844,0.00680114,0.006,16794.4586,5.01,5.52919414,4.5
20160622,677,710,639.7,1917340.71,1175864.51,15.5232849,15.9499999,11.3,26729.3877,0.00628877,0.00658705,0.00578061,26919.6517,4.89947459,5.476,4.56256892
20160623,596,686.740507,562,2049482.92,640074.037,13.2070862,15.80002,12.8,64386.4543,0.00649718,0.009991,0.00600285,89374.2831,3.81017193,4.98009768,3.62255496
20160624,671.1,687.48,555.1,2085250.58,519474.868,14.2,14.56,12.6001,27760.612,0.0065,0.00689999,0.00609165,82426.659,4.308,4.479,3.58708659
20160625,686.5,710,638,976809.639,160808.289,14.3496695,14.84,13.656,5881.25661,0.00630228,0.00670715,0.0063,27412.0382,4.31098395,4.4936549,4.1
20160626,657.905662,690.77,640.02,601509.927,87264.7683,14.1657295,14.65,14,8120.84042,0.00657969,0.00664744,0.0063,7173.22358,4.23000018,4.39162975,3.97021031
20160627,650.666666,658,616.381,522904.904,120804.526,13.958,14.2239799,13.5609083,8486.4558,0.00654628,0.00664999,0.00630004,8630.51906,4.17299996,4.23000018,4
20160628,648,661.199938,631,347771.006,112673.03,13.808609,14.1188,13.6109999,9595.57624,0.00660078,0.00665002,0.00626301,3107.15408,4.18499999,4.20621849,4.06329099
20160629,633,656.299988,616.6,567819.922,462572.672,12.1,13.8363418,11.6,11304.1225,0.00697559,0.0075,0.00638,5218.10275,4.07281731,4.1908278,3.98000912
20160630,638.5,646,625,253582.473,156301.008,12.635,13.03,11.7740005,9617.70259,0.00674999,0.00722999,0.00656,3970.22037,4.0613,4.095,3.98300001
20160701,676.381737,690.320999,636,757022.574,79038.3929,12.192582,12.6999999,12.192582,15592.6321,0.00651516,0.00679996,0.0065,12209.039,4.24180502,4.36038463,4.04554994
20160702,678.499999,684.89999,670.223658,287545.369,156239.626,12.0999992,12.38,11.778,6884.76075,0.00671,0.0072,0.0067,3044.03998,4.294,4.32499995,4.20463519
20160703,682.999999,707.067644,675.10001,482605.562,116453.059,12.0236073,12.1999999,11.9091139,1482.03837,0.00674999,0.00713999,0.00648413,17060.9773,4.39940711,4.90539259,4.267112
20160704,674.998999,684.400999,641.51,515133.806,148532.616,11.77,12.094,11.5538373,6756.19131,0.00667499,0.00679393,0.00640001,3415.46375,4.40000039,4.47611217,4.18048963
20160705,677.499999,681.999999,635,586296.22,656806.386,11.0007083,11.8412152,9.97,4800.52249,0.00671071,0.00692,0.00611,7662.40584,4.51699904,4.55,4.162
20160706,672.97,680.633,660,451765.137,564706.121,10.689,11.0832136,9.15,4284.36741,0.0064321,0.00678613,0.00643208,8054.82572,4.42471,4.5,4.24
20160707,638,680.6,625.439999,482567.325,130110.172,9.90500023,11.04,9.801257,8935.01174,0.006219,0.00666482,0.00615,7153.32344,4.15914121,4.534,4.09400007
20160708,642.98,647,594,783674.873,128422.67,10.2,10.2,9.4,2766.1046,0.006601,0.00660981,0.00612,7964.81127,4.12235168,4.20999999,3.89799999
20160709,658.583658,669.65,637,577523.349,346264.69,10.897411,11.6015703,10.1066607,2386.1687,0.00621466,0.0067058,0.00620442,8741.56124,4.13512709,4.26720353,3.97393208
20160710,647.479998,664.511509,623,523165.859,53622.2719,10.89935,11.05,10.671988,493.004445,0.00647686,0.00654994,0.006162,7490.30451,4.10422464,4.19999999,3.97151583
20160711,650.499998,664.48,638,302063.78,29621.3396,10.56,11.0092489,10.5464003,6294.1847,0.0065,0.006576,0.00625069,934.812753,4.13,4.213,4.05000001
20160712,646.000022,654.468499,645,214821.336,67679.4972,10.6312404,10.7,10.24,6309.71365,0.00624836,0.00655,0.0062,698.60857,4.12299999,4.15999999,4.06000005
20160713,665.201,678,647.000022,387971.84,79388.7035,10.5718581,10.898999,10.42,309.156075,0.00649581,0.00649961,0.0063,2575.95203,4.19233669,4.257,4.1095641
20160714,655,672.060999,651,173296.492,106052.59,11.1198699,11.4,10.438,43.5175272,0.00631161,0.00649999,0.00625002,594.166366,4.13000421,4.22199748,4.13
20160715,661.1,669.9,653.68,206384.037,172244.398,12,12.0203816,10.89,2247.73484,0.00635635,0.0065,0.00635184,923.387828,4.16876763,4.22199999,4.13000386
20160716,667,677.98,661.1,187915.319,140142.539,11.7400122,12.41,11.711111,504.328097,0.00651939,0.00659,0.00639622,2479.63613,4.18956685,4.19999595,4.11000001
20160717,668,670,659.95,127017.478,48850.5497,11.4859999,11.9699789,11.1999999,3857.67799,0.00655,0.00683207,0.00652066,1263.29083,4.16242172,4.19999996,4.11700052
20160718,686.596994,690,667.6,199870.035,156431.177,11.61,11.779989,11,626.738741,0.00663938,0.00688068,0.00647939,3278.46027,4.23585709,4.25186563,4.15094807
20160719,676.999999,686.686994,668.325,354909.588,318885.755,11.33,11.7588998,11,7278.92625,0.00649026,0.00660615,0.00641928,2676.79429,4.19599988,4.23829596,4.15000001
20160720,674.589994,677.909994,667.9,235588.989,219775.524,11.75,12.2331083,11.1011111,138.661386,0.00646512,0.00658521,0.00642,147.439498,4.14403162,4.19698123,4.14000077
20160721,665,675,659.862625,181952.692,321462.875,12.5051726,13.0599999,11.658923,2530.28926,0.00645986,0.00645986,0.00627685,2608.95776,4.16,4.18055231,4.11815032
20160722,664.55274,670,662.0222,119839.334,135134.377,12.7,12.8638826,12.06,2958.35897,0.00648,0.006528,0.00637,847.767351,4.15296,4.173,4.12
20160723,646.010005,666.129093,641.304995,406788.781,698144.209,14.4999999,14.93,12.72,1565.58771,0.00639999,0.00651924,0.0062,4550.26497,4.00000206,4.12625283,3.9
20160724,654,665.087276,649.317684,302321.499,415007.812,13.7,14.78,12.9792249,1025.43849,0.00620527,0.00643988,0.00620127,3761.84501,4.06326251,4.08699984,4.00000204
20160725,657.469994,667.090968,652,300086.831,336825.256,13.5,14.03,12.245,2577.40321,0.006175,0.0065,0.0061,4332.18541,4.02,4.13,4.01395059
20160726,644.759994,659.998899,639.51,205431.12,141864.895,13.2802789,13.831,13,2407.57578,0.00601936,0.00626652,0.00601936,2910.57341,3.95861462,4.08096266,3.94429249
20160727,655.346789,662.010703,642,630781.024,821073.042,12.3511285,13.4229,11.2999994,2094.51261,0.00592934,0.00649994,0.00575059,10866.6386,3.95620915,4.01699999,3.898
20160728,657.44,661.000009,650,200359.27,218304.386,12.78105,13.48,12.3160328,1097.06653,0.00586009,0.00604766,0.00580588,3887.68816,3.95714027,4.00699068,3.9430041
20160729,657.020015,662,650,330908.217,91580.8687,12.6300086,13,12.51,3268.73145,0.00609999,0.00615,0.00580076,2218.30703,3.96119143,3.99963017,3.9448786
20160730,655.010005,661.94,653.600005,88896.7938,39380.7866,12.7604388,12.9499999,12.56,1369.87736,0.00619999,0.0062,0.0058,3505.80153,4.09499313,4.11652619,3.941699
20160731,640.907999,661.067999,629,214718.985,37736.5277,12.3952129,12.7999939,12.22,60.2162808,0.00595043,0.00619999,0.00595001,2144.01391,3.99212629,4.09643008,3.95377969
20160801,621.283005,639.462,611.01,639675.949,154758.681,11.4969989,12.4236742,11.3304499,531.381745,0.00577069,0.00599999,0.00576753,4120.44853,3.93433907,4.16999999,3.9
20160802,605,630.040015,594,1285564.71,337584.616,10.4899857,11.6696273,9.96888888,1252.28428,0.00574228,0.00599999,0.00574173,7549.55267,3.80299989,3.97599999,3.7
20160803,543.399999,608.943398,462.949994,3371633.64,1145681.96,9.30517735,10.8499975,7.25000001,4706.79015,0.00568098,0.00589999,0.0048,31795.5893,3.58590556,3.80399968,3.16000002
20160804,578.00001,590,534.052,1729085.76,608331.519,10.4701933,10.7999999,9.01,2158.90737,0.00584999,0.00584999,0.00531796,19456.1978,3.75,3.83211415,3.53000002
20160805,569.5,595.341006,567.105185,881697.86,415206.756,10.7999999,11.51,10.32,3855.88426,0.0058,0.00645,0.00550188,12940.3459,3.72000001,3.87999972,3.71696805
20160806,565.000001,578.777,563.001,319151.327,101041.708,10.3491963,11.1499999,10.3,1150.11502,0.0063234,0.00688068,0.00590001,1965.18222,3.69112033,3.76699972,3.66633946
20160807,593.060035,613,563.2,592871.074,95216.0143,11,11.2074856,10.21,8991.40985,0.00615001,0.00655188,0.00611002,2079.11985,3.78094967,3.82147704,3.66420208
20160808,595.150005,625,589,617466.838,114988.408,11.03,11.425,10.82,3550.9903,0.00620735,0.00648346,0.00605,7308.75184,3.86977349,3.95862484,3.76824308
20160809,590.587994,599.98,586,353183.575,78112.6724,11.3376429,11.4286399,11,4184.80615,0.0061,0.0061827,0.00595001,4320.70733,3.77828408,3.86977668,3.72000001
20160810,602.617511,625.299679,586.010005,870566.558,511344.25,12.700001,12.83,11.3282407,4069.28102,0.00639999,0.00656135,0.00593,10448.7242,3.84,3.99866082,3.75000001
20160811,596.277856,619,586.274183,781690.075,553327.932,12.0115115,12.8324376,11.9547988,6384.42062,0.00624999,0.0065,0.0061,8817.66699,3.73254366,3.9362504,3.44
20160812,590.1,605.512499,582.628633,578966.464,266592.503,11.9962358,12.1899999,11.6,926.44421,0.00629999,0.0063,0.00605607,7374.24393,3.75326598,3.82398868,3.72
20160813,590.5,595.417375,583.1,320517.255,96016.1147,11.8179997,12.1457146,11.6090002,33.0010378,0.006226,0.00624999,0.00604,2910.74992,3.74599997,3.78899991,3.68294774
20160814,581.96,592.019161,580.00001,171571.691,87503.3046,11.6750111,11.824,11.4619859,1250.59995,0.00596396,0.00623998,0.00596396,1141.09472,3.68498331,3.76793836,3.67295518
20160815,572.988999,583.068999,561.0001,613637.937,312550.337,11.32,11.7,10.75,991.562765,0.00599969,0.00614999,0.005,3292.79734,3.6195745,3.7294795,3.5703689
20160816,566.668757,598.875,561.01,437543.106,91130.6085,11.100003,11.42,10.9200015,7739.72078,0.00619999,0.00619999,0.00580571,4228.86934,3.55940474,3.692,3.5390718
20160817,574.288119,583.889999,565.220005,350659.904,148537.824,10.9841051,11.2,10.33,15.7931242,0.005982,0.00632764,0.005982,2075.16883,3.62806942,3.66571475,3.5568287
20160818,570.507901,578.776999,566,267974.156,137615.521,10.8850014,11.0999999,10.33,1750.66972,0.00590592,0.00614997,0.00590591,1123.37005,3.57298122,3.63,3.5609
20160819,571.350006,578.201,562.985753,262768.904,101359.972,10.6800001,10.9938688,10.6500007,265.028131,0.00612129,0.00614384,0.00590663,1172.49151,3.6050863,3.63999999,3.57000003
20160820,573.209994,576.976281,569.373034,163602.628,97885.4918,10.9023445,11.09,10.4670898,1284.43928,0.00609972,0.006438,0.00605606,237.175558,3.57739691,3.6307659,3.57336213
20160821,583.62,584.65,570.643021,183465.586,100800.265,11.0779939,11.3477083,10.9166858,6.69406354,0.00609842,0.00620365,0.00605001,3539.09843,3.62751198,3.6299999,3.58
20160822,583.415999,586.364999,578,166229.976,32855.3934,11.2485781,11.3122287,11.0000028,1478.81223,0.00604492,0.006146,0.00590664,1623.94399,3.61,3.636,3.59
20160823,591.498678,595,580.85,512965.039,96431.3269,11.25,11.397,11.0473705,3463.82251,0.0061,0.00612599,0.00561872,15289.7018,3.80803691,3.81999999,3.59000001
20160824,581.5,592.395993,578.5,483054.357,87103.0173,11.1149974,11.258,10.9,926.022271,0.00614591,0.00614591,0.00575007,42595.314,3.90000001,4.497,3.73559012
20160825,575,586.9,572.999999,277968.551,39188.0168,11.16,11.2499998,11,420.944926,0.00625,0.00625,0.00600001,12259.5623,3.88094775,3.986,3.76000001
20160826,579.969994,580.976994,573.0111,276968.504,61120.9394,11.3499999,11.45,11.1000053,290.34509,0.00595009,0.00624998,0.00595001,7730.61071,3.79969811,3.88094775,3.74000359
20160827,574,585.922528,572.61,228164.471,37019.9708,11.2392519,11.3859525,11.0325001,110.410699,0.00599771,0.0060899,0.0059,1797.18165,3.803,3.85999999,3.76110352
20160828,574.139999,577.890005,562.985753,487357.08,66809.4266,10.9760159,11.2809994,10.9,6089.88933,0.00600046,0.00608989,0.00585,3895.63344,3.753,3.81099998,3.70000977
20160829,576.169994,589,568.365572,820076.276,128857.233,11.0100185,11.1809786,10.7,1487.49343,0.00605727,0.00616996,0.00585,11790.3275,3.78121343,3.82,3.70000017
20160830,580.1,582.41598,571,584334.158,100726.097,11.0590777,11.2714865,10.8,3014.48626,0.00629837,0.0065,0.005895,17907.5099,3.81030137,3.817,3.72846845
20160831,573.45107,584.319999,572.028749,316600.594,89268.7887,11.292,11.359,11.0000565,2762.84395,0.00590007,0.0067,0.00590006,5993.26964,3.782337,3.86099999,3.758
20160901,573.566305,580.009999,571.0311,284310.646,170367.901,12.4498027,12.4312345,11.200001,2422.58126,0.00597821,0.00609995,0.005895,4451.15698,3.85037605,3.86435638,3.77391846
20160902,573.339999,577,570.160695,367954.772,143174.104,11.9949821,12.6599999,11.5,2250.43633,0.00594294,0.00603,0.005901,1927.60494,3.81013281,3.858,3.80100003
20160903,578.599995,598.610001,570,770219.478,269477.961,11.848,12.4699999,11,1895.85007,0.005901,0.00604999,0.005901,5414.57746,3.81,3.86299999,3.79200007
20160904,604.301797,614.997999,560.33,1203782.13,189885.088,11.6559002,12.0777954,11.4777,12592.1207,0.00598813,0.00624198,0.00585,17902.8127,3.94802454,3.9999999,3.80010027
20160905,612.225992,620,604.3018,523962.224,85469.0435,11.768961,11.9179668,11.6,3187.10014,0.00605,0.00607346,0.00585,12400.1028,4.03099997,4.09999999,3.93812133
20160906,613.242994,614.941299,603.3083,634859.134,122416.546,11.6,11.88,11.5156111,1924.19801,0.00605097,0.00608295,0.00587258,5959.72378,4.00989999,4.03099653,3.94346453
20160907,614.469362,617.1,608,451246.967,36226.1026,11.6142426,11.81,11.5170301,1822.15494,0.00587,0.00601812,0.00586705,2834.00192,3.982355,4.0199994,3.94512737
20160908,618.81,623.9,609.726108,571851.854,63697.9067,11.7399999,11.8099997,11.5700004,1956.06555,0.00597204,0.00609994,0.00585541,5055.77908,4.00599955,4.02,3.93623308
20160909,626.318994,635.691637,617.15,446531.091,163655.879,11.65,11.910479,11.35,1265.82109,0.00589637,0.00607402,0.00585545,5010.52448,4.00740251,4.06899987,3.96300119
20160910,625.550218,630,622.1,221768.452,71494.4344,11.7066879,11.9,11.509001,1071.28601,0.00600485,0.00602999,0.00585,3193.77765,4.00099999,4.02244843,3.95400001
20160911,627.288948,629.967124,625.550218,114623.529,110441.274,11.9999998,12.2885737,11.6000011,782.189908,0.00596466,0.00600971,0.00590001,4238.94038,4.0081287,4.02899994,3.95100001
20160912,612.22,635.95,591.663951,641443.617,134603.532,11.9122751,12.0925687,11.62,793.816788,0.00592451,0.00599,0.00579363,5822.1362,3.90999159,4.01899996,3.85
20160913,612.800002,615,607.431174,274222.662,103799.707,12.15,12.15,11.7240006,809.01835,0.00597535,0.0061,0.00582475,3937.70129,3.86351804,3.9012942,3.78100112
20160914, , , , , , , , , , , , , , , , 
20160915,613.510843,618.30045,611.018624,235665.711,193205.811,12.1100004,12.8,11.8760015,2578.76278,0.00617386,0.00647919,0.00591,945.683808,3.86236183,3.89299999,3.84000001
20160916,613,616.625783,609,315448.117,61723.0136,12,12.2382022,11.9600118,73514.0933,0.00780811,0.01149999,0.00611586,1571.42745,3.824,3.87999999,3.82100018
20160917,610.287773,614.489799,608,243472.897,170857.205,12.5878561,12.8203999,11.9600325,21508.597,0.00735072,0.00877506,0.00676491,7650.37886,3.8699888,3.87999999,3.8
20160918,608.801813,611.388764,605.999993,117029.897,59509.1307,12.924875,12.9,12.5077579,5543.08886,0.0068,0.00726038,0.00673076,806.906685,3.82693892,3.86334005,3.79075463
20160919,612.2,617.47,607.210002,214224.393,284259.05,12.9129,13.0890481,12.1749614,3873.54655,0.00686752,0.00706902,0.00674044,3151.25807,3.8454,3.87499999,3.80599941
20160920,611.785358,616.980791,608.121984,202338.225,191694.318,13.48,13.679431,12.77,1165.84198,0.00681963,0.00746461,0.00672499,9419.03034,3.86798713,3.87,3.81085812
20160921,600.514825,614,593.2,607276.931,387427.727,13.9282455,14.4799986,13.48,9099.19951,0.0067962,0.00689999,0.00665,4136.00295,3.79,3.87,3.75000001
20160925,603.003263,607.185378,602,69765.5201,46573.3629,13.0326813,13.2952262,12.7286585,1098.52209,0.00746578,0.0075,0.0072001,855.572119,3.83335687,3.84999996,3.80000061
20160926,602.8,605,598.682326,134163.352,25411.9981,12.8319284,13.1623233,12.7572085,6591.08135,0.00859262,0.00889999,0.00735399,3529.30485,3.84088083,3.84698316,3.78723198
20160927,607.757693,610.945937,602.8,218871.465,52020.9932,12.9872645,13.14,12.81,8304.19953,0.00803596,0.00889307,0.00764632,1355.93853,3.857,3.89592191,3.81109427
20160928,605.280992,608.73299,603.02469,126100.27,93911.8168,13.2630001,13.48005,13.0226439,5425.42617,0.00830033,0.00854252,0.00796741,387.28861,3.82980777,3.89209042,3.81800003
20160929,605.929721,607,603.173066,101516.57,17232.3827,13.155826,13.3499999,13.15,17931.4316,0.00881945,0.00936,0.00821126,247.760716,3.84951207,3.86999648,3.81783904
20160930,607.299906,608.7,604.450002,96866.3297,27048.5054,13.065,13.1935429,13.05,5595.8689,0.00933109,0.00945,0.00870251,885.770909,3.843,3.86799999,3.82201678
20161001,614.071386,616.999999,605.040584,196782.208,33194.0447,13.109,13.3599999,13.07,19934.417,0.00817054,0.00949609,0.00815462,11488.9776,3.83767628,3.87260913,3.83
20161002,611.650052,616.866323,607.500503,158946.829,40676.7605,13.2307163,13.3199999,13.1023319,5920.62755,0.00829436,0.00877016,0.00788039,3526.6432,3.826,3.87260923,3.826
20161003,612.097999,613.465333,607.935,96326.4139,24866.222,13.1600305,13.2899999,13.1360221,3514.82459,0.00807,0.00840064,0.00794961,426.332455,3.85710778,3.85710783,3.8178386
20161004,610.749177,614.85,609.389252,144976.686,52390.3144,13.478,13.5219003,13.17,2686.39453,0.00793076,0.00839998,0.00793076,355.063584,3.83354571,3.85710782,3.811
20161005,611.342405,613.784647,608.587041,206099.104,92454.3967,13.33,13.4948532,13.2000165,3764.74643,0.00762569,0.00817736,0.00755469,459.739372,3.84936766,3.85,3.81
20161006,612.149847,616.999999,609.200061,295468.603,68973.7096,13.01,13.3419326,13.01,4279.78094,0.00725865,0.00801074,0.00708817,7555.88827,3.81700001,3.86199999,3.8100015
20161007,615,616.359523,611.2,173597.543,69592.5453,12.8475765,13.0999298,12.6621253,2418.26105,0.0074844,0.00764891,0.00730649,514.346434,3.85,3.86495814,3.81400003
20161008,621.859999,623.721354,615,139734.721,84958.6448,12.3,12.8979545,12.3,1821.4546,0.0071551,0.0078,0.00714882,14914.0538,3.855,3.87897796,3.82300003
20161009,618.244952,623.219,615.556234,169756.008,103850.103,12.330001,12.40187,12,1560.78216,0.00772145,0.00775,0.00721989,1870.19661,3.82,3.863,3.82
20161010,619.79,621.329,615.557268,140924.875,59814.47,11.8999999,12.40187,11.8999999,9220.85792,0.00816379,0.009,0.00745,2967.30388,3.803,3.84827801,3.793
20161011,633.99,642.765547,616.833899,346764.827,69640.5047,12.1709057,12.252573,11.623569,5959.03649,0.008061,0.00859,0.00779394,3425.10815,3.81700001,3.86294999,3.78
20161012,639.159658,643.999999,631.97005,455552.055,86269.6411,11.9920899,12.1909936,11.7,1300.40724,0.0079409,0.00823396,0.00764128,12198.6981,3.82000001,3.8517,3.80300596
20161013,638.107904,643.269921,635.1,202093.371,76499.5826,11.9681953,12.15,11.6660068,7742.2876,0.00799886,0.0080131,0.00775102,2682.41158,3.92795207,3.95,3.792001
20161014,639.37924,640.814833,635.5,125174.989,43023.1727,12.05,12.1338799,11.8202359,3823.38781,0.00784399,0.00801904,0.00763465,3921.82614,3.9029997,3.94999997,3.85201537
20161015,643,643.899912,637.7,110522.53,14557.9527,11.9,12.0759977,11.8640017,1516.76137,0.00814541,0.00832029,0.00798673,3012.05321,3.89375105,3.92359999,3.86500017
20161016,643.925488,646,639,118398.724,39128.6382,11.9854042,12.0949563,11.815,5803.15919,0.008,0.0084,0.007999,556.2302,3.9013465,3.93,3.8600382
20161017,644.8,646.6,641.01,347280.585,14323.3194,12.0135723,12.083,11.8441943,15478.44,0.00829519,0.00832624,0.007899,1233.76927,3.89,3.92799018,3.87000012
20161018,638.8,646.6,637,360884.261,54336.2955,12.41909,12.564433,11.85,1806.66543,0.00825362,0.00838701,0.00794041,4620.34827,3.87399288,3.91699379,3.82400395
20161019,640,641.999966,631.808766,96139.2912,68192.3544,12.61,12.9505857,12.3000026,688.943993,0.00846097,0.00848664,0.00805041,4669.11932,3.86801858,3.90199999,3.83
20161020,633.296405,641.944859,626.05,253389.197,93123.3989,12.002244,12.617,11.9,6803.15944,0.0088971,0.00898765,0.00835771,3564.99622,3.82173858,3.86999887,3.76000005
20161021,635.271909,637.169899,629.539223,75507.605,19701.0535,12.1499999,12.3404156,12.0291399,11889.5029,0.00902381,0.00935,0.0085862,3607.69964,3.82099971,3.82499928,3.78400002
20161022,638.607477,639.000106,632.215468,56457.7687,5405.3445,12.1183348,12.2094122,12.08,2052.09037,0.00882055,0.00909835,0.00866234,986.433564,3.86887035,3.87,3.78858573
20161023,660.074831,670.874681,638.607477,506620.509,50248.8988,12.1587032,12.3345,12.0800001,3228.76078,0.0089885,0.00906492,0.00876478,9706.54924,3.93350344,3.95429523,3.84500002
20161024,653.491003,663.44569,653,132216.037,32473.5517,12.0509999,12.1587032,12.0124504,2043.13028,0.00902413,0.00949,0.00880029,7326.23153,3.89648701,3.93996706,3.88200001
20161025,659.008,664.8,653.491468,108682.994,56756.8468,11.68,12.0999505,11.5559999,2742.70089,0.00886,0.00915361,0.00886,2971.83639,3.91686736,3.91999999,3.84959925
20161026,661.600009,666,652.96513,226136.739,76084.0644,11.5488265,11.7881619,11.13,541.241589,0.00891855,0.00921112,0.0088,10593.4168,3.91042675,3.92,3.84959925
20161027,688.399999,689,661.500006,485538.066,61656.5848,11.307868,11.7099999,11.307868,6796.86897,0.0082,0.00888953,0.0082,7575.27927,4.06499832,4.08358763,3.87338361
20161028,684.455323,688.91,675.1,344931.206,116654.411,11.2500029,11.655185,11.25,5766.95987,0.0083906,0.00862882,0.00806323,2240.10417,3.9953129,4.05441264,3.93400033
20161029,706.8,711.435138,684.153969,708430.111,101897.872,11.1100016,11.3998103,10.95,14631.0572,0.00773895,0.0085,0.00725,9594.22468,4.038742,4.07,3.93700001
20161030,713.505651,724.53602,695.140002,932633.013,266000.265,10.378995,11.1692206,9.40000001,4378.39481,0.00797245,0.00799999,0.00737235,7761.03738,4.05,4.09989999,4.0012328
20161031,702.525443,714.50637,688,767140.645,112949.284,11.3927558,11.5274068,10.3143106,18116.1662,0.00829686,0.00843616,0.00758982,10438.6631,4.02099999,4.06699999,3.97800029
20161101,722.999999,728.56375,699.332574,496547.848,88660.1079,10.660824,11.4799997,10.66,3887.72926,0.00803565,0.00839998,0.00790507,10803.5741,4.04799352,4.06504908,3.98000001
20161102,733.937767,744.6,722,1046608.18,201547.899,10.9215554,11.2198433,10.4,5929.15405,0.00821,0.0084,0.00783605,11112.1254,4.12277719,4.16799917,4.02816569
20161103,739.2,751.002387,723.865564,473088.928,72174.9928,10.9899999,11.2449999,10.7080002,958.490614,0.0080005,0.00836066,0.0080005,8089.2523,4.06500001,4.21999998,4.05500622
20161104,704.04977,743.428372,674.1323,1527246.12,130750.76,11.0699999,11.165453,10.82,6247.44587,0.00805245,0.00843614,0.008,14565.5166,3.85404635,4.1335543,3.80056687
20161105,705.610946,712.836006,687.910369,396158.487,55299.8092,10.9780291,11.25,10.8720111,889.087975,0.00821,0.00831475,0.00808008,1349.7467,3.90605597,3.94979863,3.8156
20161106,716.443112,721.905791,700,368944.816,32944.1881,11.1,11.2169996,10.9780291,1716.78618,0.00815,0.00835,0.00814664,2366.16312,3.95076593,3.95980267,3.86500007
20161106,716.443112,721.905791,700,368944.816,32944.1881,11.1,11.2169996,10.9780291,1716.78618,0.00815,0.00835,0.00814664,2366.16312,3.95076593,3.95980267,3.86500007
20161107,708.062,718.932003,701.35,290935.425,26049.7187,10.8788215,11.1379994,10.8788215,10754.3084,0.00815827,0.00829996,0.008,3799.08895,3.88139846,3.94664273,3.8578906
20161108,705,710.663066,698.910282,320968.937,31057.0153,10.9,11.0152102,10.8402213,1784.25599,0.00830495,0.00837512,0.00801091,1888.66132,3.836,3.89165361,3.836
20161109,736.287012,743.123456,703.028285,842846.202,186279.102,10.5825743,10.9666599,10.26,6291.92015,0.0080756,0.00848224,0.00775034,5845.63218,3.95076696,3.98799998,3.83200001
20161110,719,740.899994,713.360844,620451.593,70291.3934,10.52,10.7999997,10.511065,2338.1408,0.00807,0.00826734,0.00789932,3771.00218,3.82273674,3.98799953,3.8024
20161111,718.350053,722.498104,710.01,311157.364,26672.1071,10.4789648,10.6731662,10.352,898.023086,0.00786812,0.00822217,0.00786812,461.664603,3.84499994,3.85899822,3.801
20161112,715.414999,722.858153,709.604218,261134.79,43618.1759,10.2349368,10.57,10.13,1097.83277,0.00815582,0.00826734,0.00798197,497.208361,3.8,3.8566852,3.79400001
20161113,696,717.048828,689.52,458023.318,146304.639,9.98698537,10.3988888,9.60000001,1424.06678,0.0079388,0.00822503,0.00790255,4911.5949,3.70963957,3.83570948,3.66
20161114,707.99998,708.422984,681.7228,463093.26,36987.6163,10.0000105,10.2999996,9.9291137,933.800437,0.00794462,0.00815,0.00790066,4480.00941,3.90299999,3.93999769,3.66845128
20161115,714.567999,716.86995,698.937,228662.758,30104.3812,9.99861957,10.1278482,9.85,4220.9389,0.00771,0.00807858,0.00771,2666.17927,3.88973769,3.91199985,3.84300001
20161116,714.992269,717.900211,708.315,165252.167,102731.938,10.3100115,10.382,9.92000198,2792.60254,0.00800741,0.00814869,0.00771029,11793.4813,3.947,3.96,3.84300116
20161117,747.300004,757.006952,710,1061987.56,145302.18,9.93330008,10.35,9.85900935,9221.48052,0.00761026,0.00815064,0.0076,15190.9164,3.91300073,4.02,3.86200004
20161118,747.16804,754.79,734.1,416943.66,51687.1581,9.7,10.1999998,9.66000001,361.879776,0.00760004,0.00789769,0.00760004,950.986364,3.92405928,3.96599999,3.86600043
20161119,746.992188,759,740,330461.297,112407.67,9.58684745,9.79974361,9.45418388,182.275393,0.00775604,0.00780015,0.00760001,3524.91478,3.95299756,3.98199938,3.90000011
20161120,755.999999,757,744.197035,155792.706,32279.367,9.61799229,9.78929912,9.58684745,5767.26295,0.0076,0.00773931,0.0073,1841.65304,3.9135891,3.98199713,3.91000003
20161121,736.415609,755.999999,715.65,490206.576,34365.3735,9.66099981,9.70958683,9.52,1592.16483,0.00765591,0.00768929,0.00735,3136.29033,3.87105042,3.98165338,3.860069
20161122,738.684623,742.686683,731.585752,217012.445,51219.3461,9.9604351,10.051,9.5245,2819.26894,0.0074481,0.00765,0.00731164,1768.15367,3.93999835,3.95998552,3.88000009
20161123,738.787679,751,734.679715,391682.972,78204.8306,9.74813002,10.25,9.59368,4353.30445,0.00725469,0.00756998,0.00715101,784.62891,3.915,3.941493,3.87800781
20161124,740.899998,745.686561,731,242330.698,35730.7193,9.72605653,9.92126467,9.64,4569.07174,0.007,0.007302,0.006857,517.056659,3.88000001,3.92899884,3.8700003
20161125,734.818265,740.820791,728.2898,348765.513,165073.992,9.24731171,9.71645778,8.6189275,7378.31763,0.00697084,0.00709999,0.00675,1180.99849,3.86832886,3.92899995,3.83463865
20161126,739,743,732.156804,168064.802,50757.7123,9.31126001,9.751,9.1586376,379.266991,0.0068537,0.00697084,0.00675001,994.369135,3.91792304,3.92699999,3.84437818
20161127,732.213633,741.820461,722.111382,206562.111,40414.7857,9.23245827,9.37544179,9.07600014,533.941372,0.00704,0.00704,0.00685,996.212655,3.87866769,3.92899845,3.84772505
20161128,730.4,738.020211,727.489,166446.437,74720.6275,8.8,9.20446471,8.63357122,544.296537,0.00678,0.00701904,0.00678,1815.27402,3.87338012,3.89899997,3.84772506
20161129,734.15,735.5,728.331711,158042.988,86162.9797,8.03652742,8.88208294,7.76836982,646.989626,0.0068,0.00703999,0.006761,2561.91809,3.85699999,3.8929997,3.81000001
20161130,739.30509,745.17857,727.893281,208095.157,79502.9845,8.49616805,8.71515635,7.84075001,1696.1446,0.00676798,0.006861,0.00666,1377.1515,3.88549488,3.8855249,3.817469
20161201,749.8,750,733.6286,270861.398,68490.7906,8.50517357,8.68199945,8.24000605,498.199032,0.00658117,0.00686,0.00650716,574.813813,3.8889,3.8889,3.82655783
20161202,771.178,775,748.297,535222.832,66160.7087,8.1614012,8.50517357,8,4146.57645,0.00653526,0.00703984,0.006501,1589.9503,3.90520815,3.94699899,3.85900009
20161203,761.25,782.438149,756.776947,439808.838,296601.517,7.99049937,8.1614012,7.32619443,4761.41946,0.00658322,0.00668924,0.00643899,2229.18807,3.905,3.93999996,3.86700017
20161204,763.040001,768.870548,761.490964,121141.45,42078.2247,7.88808718,8.05456388,7.64110008,3509.24141,0.00648951,0.00666644,0.00645,5710.34461,3.9,3.919,3.87000002
20161205,756.733039,772.963,752,356950.426,74657.5394,7.40163062,7.81504645,7.32890065,635.747916,0.00639142,0.00658952,0.00632437,53863.7738,3.58003612,3.92109987,3.32253583
20161206,755.042051,758.4,747,538975.242,239855.626,6.4,7.43195285,6.41062384,196.036963,0.00630839,0.00645027,0.00630383,23537.6839,3.48000014,3.58001051,3.36605485
20161207,755.188788,763.517009,753,522961.216,467185.254,7.48091761,7.88,5.85403121,1507.06898,0.0064714,0.006801,0.00630469,20301.7197,3.5223925,3.53949999,3.44000001
20161208,765,770.5,755,277261.309,120403.062,8.63259039,8.7,7.31989851,2290.15276,0.00710411,0.00729,0.00650004,5690.31812,3.71532493,3.73999986,3.51900182
20161209,771.7,773,764.446731,176237.858,130040.486,8.34999997,8.84999997,8.00000001,480.603266,0.00716061,0.00729,0.00682088,3416.1998,3.70688475,3.73,3.63800193
20161210,773,774,769.174109,120815.251,61932.0189,8.35600001,8.65,8.13000019,417.369176,0.00694185,0.00710433,0.00680029,339.978733,3.682001,3.71799999,3.65195803
20161211,767.463202,776,753.256702,303085.439,38734.0518,8.1,8.40311547,7.99999999,1278.51854,0.00669195,0.00689365,0.0066,4922.11137,3.6331478,3.69599999,3.59800001
20161212,770.999999,771,764.148025,121167.38,12744.7458,8.15253154,8.272,8.1,145.38565,0.0068153,0.0068153,0.00666442,1870.30978,3.63000001,3.66921851,3.60913531
20161213,778.107878,786.709333,766.52,437098.17,123512.859,8.32415982,8.59,8.06083487,397.555763,0.00672554,0.0068153,0.00656171,4540.62342,3.65999997,3.68599989,3.61690609
20161214,781.997939,783.855145,774.2,149122.765,19908.4541,8.38555199,8.4976729,8.29371911,1974.4975,0.00681427,0.0068279,0.00657,425.682441,3.65999882,3.66,3.60503018
20161215,781.090528,781.997939,773.190187,142824.871,45065.4925,8.05525979,8.38680298,8.05525978,237.176704,0.00665581,0.00679509,0.00656,637.097893,3.65337698,3.6608952,3.56500035
20161216,781.277951,783.132862,774,169451.264,46309.4476,7.87104582,8.14999999,7.70000005,1101.4542,0.00685305,0.00685305,0.00653819,926.8124,3.63043385,3.672,3.62000001
20161217,788.159255,791,778,133974.56,20169.3663,7.54999997,7.90999999,7.50000003,902.403967,0.0066003,0.00677711,0.00645442,1175.89303,3.63769438,3.65756609,3.6195442
20161218,789.552096,795,785.012287,146125.148,77700.0911,7.7,7.98969602,7.50000001,2735.65228,0.00645437,0.00665804,0.00645437,6793.59741,3.70547212,3.72,3.60301199
20161219,790.003,794.01,785.501683,152133.925,31310.8893,7.77999999,7.92238041,7.7,651.403214,0.00652054,0.00665409,0.00645439,2996.48884,3.65513643,3.70871064,3.65000001
20161220,793.999999,794.999999,789.333003,186548.062,16503.1285,7.7009893,7.78257002,7.56390502,1217.12179,0.00646083,0.00661496,0.0064,1289.3281,3.66607128,3.67954178,3.62100001
20161221,808.527887,809.335999,791.5,314280.748,34605.4171,7.66,7.76499999,7.56390771,2163.67926,0.00636,0.00658548,0.00636,1285.00573,3.65209541,3.67954178,3.6312542
20161222,850.845544,858.461539,805.535707,807951.146,80870.7629,7.438,7.99,7.416639,1721.64421,0.0061,0.00658201,0.0061,10320.2681,3.68,3.72056433,3.60697683
20161223,898.979999,909,838.9,1023534.93,75349.9237,7.54419866,7.8,7.4327494,681.738557,0.00629325,0.00654717,0.0062,5923.98576,3.71600027,3.7572,3.64358706
20161224,895,920,841.894849,1480289.69,83149.1764,7.33999999,7.55502454,7.01,3385.32451,0.00624944,0.00635561,0.00596191,53653.2121,4.34857635,4.67524888,3.70000005
20161225,865.5,906.625666,863,915512.824,29437.4144,7.29000001,7.40849354,7.21,226.481335,0.00650001,0.00650001,0.00629999,25783.0297,4.1722527,4.59578806,4.09620484
20161226,899.67121,916.489999,850.883693,1390679.87,104055.141,7.31218864,7.38338539,7,4319.42341,0.00635002,0.00662049,0.0063,51769.1872,4.23465121,4.39999999,2.91
20161227,911.56325,914.555555,886.323719,544331.463,42276.216,7.231146,7.34,7.16,1285.07297,0.00624816,0.0064384,0.00613821,7913.0283,4.29307022,4.356451,4.16800002
20161228,960.400169,960.400169,908.689603,1483148.77,120533.62,7.15058026,7.33019005,7.0338038,2395.04122,0.00621895,0.00626,0.00605,53972.1781,4.48380792,4.49898989,4.18
20161229,974.698146,984.499999,947.33,1888916.78,305029.695,8.20999928,8.26,7.1,2275.37726,0.00623301,0.00686305,0.00609601,28884.5453,4.57089757,4.621,4.44
20161230,943.983488,980,941.237765,1330012.29,228713.5,8.4,8.569001,8.05822875,2680.04855,0.00648201,0.00678635,0.00624,25870.8045,4.44055845,4.64457496,4.40000009
20161231,956.649819,967.9,925.4,1140077.22,136761.345,7.9983457,8.41767593,7.97000001,1332.98393,0.00646872,0.00652103,0.0063358,20246.0662,4.34533388,4.46663998,4.19995959
20170101,963.669121,968,948.510847,355245.188,90801.9083,8.32000567,8.56316899,7.8886246,1885.34994,0.00657101,0.00674199,0.00620613,3416.72103,4.36526082,4.44888889,4.263
20170102,1012.92763,1019.94999,963.212849,1441145.73,113071.967,8.2415684,8.44,8.08070138,2498.13862,0.00634009,0.00659145,0.0062419,21950.9082,4.53652939,4.56,4.36526082
20170103,1018.29999,1034.32896,994,1850506.13,132803.674,8.44001005,8.54599998,8.11,12913.2376,0.00635,0.00656865,0.006207,31273.3618,4.48302774,4.73676463,4.46800001
20170104,1056.30124,1065,1010,1530127.35,734902.1,10.6286999,10.6965056,8.44000215,1553.96345,0.0065665,0.00660001,0.0063,42374.6595,4.5869998,4.65699998,4.44520254
20170105,1136.08204,1159.103,1055,4736821.46,739426.514,11.0999993,11.5989999,10.3,33036.3733,0.00623003,0.00688935,0.006,175045.653,4.53349162,4.71674236,4.44
20170106,952,1136.95999,882.01,9946939,985972.192,10.1,11.0999996,9.25,41998.0266,0.00606109,0.0063,0.00565024,95245.2161,4.17995942,4.57564428,4.0612
20170107,820.449999,958.999999,818.459718,6228992.55,537831.285,9.64062199,10.3277999,9.43324671,16866.5256,0.00626522,0.00649709,0.006,28501.7069,3.64000003,4.2012049,3.64
20170108,932.980894,939.659553,818.459718,3496213.06,261271.987,9.93197541,10.14,9.56420523,3975.69233,0.00633775,0.00645709,0.00615,25543.2234,3.96093556,4.10259998,3.62709717
20170109,892.3,938,880,2560471.69,345018.13,10.3526051,10.4499997,9.92000001,6975.54899,0.00617751,0.006457,0.00612405,22709.9374,3.94986208,4.05000001,3.90000002
20170110,906.500003,915.832309,882.52,958451.674,259148.362,10.3899975,10.8212,10.15,5041.58321,0.00628023,0.0064,0.00612405,41964.9743,4.35048955,4.5,3.929486
20170111,919.229972,927.828103,901.18,1083409.39,132672.936,10.6421862,10.7458,10.2603992,32470.1844,0.0066,0.00713805,0.00627071,44952.2364,4.54065185,4.66673401,4.35049059
20170112,766.886264,919.229972,751,7076358.97,618511.577,9.26,10.6421862,9.16999998,36474.9002,0.006699,0.0070883,0.00625,91313.7895,3.84427197,4.54065185,3.77668953
20170113,791.44,832.879899,756.365908,2626503.87,246346.5,9.51738606,10.0619328,9.1814901,16948.0398,0.0065116,0.00695032,0.0063,28199.2668,3.87000072,4.1119939,3.79386336
20170114,830.443539,836.04,790,1669173.6,81399.1627,9.65,9.72994512,9.43120846,9970.69093,0.00668944,0.00699956,0.00635,7431.1401,3.95858882,4.05299772,3.86732482
20170115,813.461716,836,801.975002,1073215.69,45893.5279,9.7486,9.85,9.520001,3614.2585,0.00680508,0.0069,0.00658833,8094.54106,3.89975634,3.98428804,3.84769315
20170116,826,834.156805,806.652971,710967.103,42706.5828,9.631,9.85,9.58289554,4028.04085,0.00680852,0.00690695,0.00672219,9573.6937,3.90299998,3.93195559,3.85311303
20170117,877.999999,893.499999,816,1342523.79,139680.667,9.86844174,9.97,9.533,5429.10405,0.00646,0.0068895,0.00640501,37856.0212,3.905,4.04,3.84
20170118,887,912,867.08,2393537.14,569161.121,10.1999999,10.5374,9.78281298,21875.8104,0.00666952,0.00685,0.00648,29041.8758,3.89,3.96,3.87111025
20170119,895.999999,900.491255,850,1737901.2,216035.739,10.249,10.3159195,9.7275398,13746.5468,0.00670095,0.00684869,0.00660001,14337.8909,3.86152759,3.91,3.8
20170120,892.775009,906.999999,885.000001,1093172.61,328505.67,10.5682188,10.7743765,10.1517675,10881.1128,0.00669633,0.00680001,0.00660037,10291.7436,3.887067,3.94599534,3.81458956
20170121,916.885985,924,882.5432,1219401.09,121048.353,10.5829693,10.79,10.4842282,12801.4637,0.00665957,0.006795,0.00658505,13965.7625,3.88897793,3.97744246,3.86720002
20170122,936,939.06071,916.5,1016001.16,148895.565,10.91,11.0386337,10.58,5545.25124,0.00669546,0.0068921,0.0066,7077.245,3.90352571,3.924,3.87654553
20170123,920,938,894.1001,1470303.6,113311.062,10.7375854,10.9499999,10.5010001,3015.26721,0.0066009,0.00678529,0.0066009,13862.5555,3.84035045,3.91086642,3.82100001
20170124,914.999999,927.2351,891.313473,2189429.91,193159.909,10.5648281,10.8449575,10.5587286,1367.94568,0.00668559,0.0067115,0.0066009,42998.0349,3.827935,3.86194913,3.73315022
20170125,894,917.999999,884.281,1572161.31,164690.376,10.4241856,10.6616751,10.3358154,3363.51114,0.00652103,0.00666185,0.00645,10130.0451,3.76324239,3.83271171,3.72984245
20170126,902.999999,905,882.08,914165.836,69133.3747,10.4786204,10.5595785,10.3199,6274.04494,0.00640243,0.00653442,0.0063,24578.4159,3.73191831,3.76583245,3.65281335
20170127,915,920.776999,901.181352,950538.561,72242.0664,10.4560541,10.6353263,10.3719766,11852.6758,0.00645,0.00649038,0.00618225,28450.8404,3.7974813,3.92,3.73673707
20170128,920.516551,921.65,909.9873,766025.752,37236.3797,10.5189868,10.5646614,10.35,4350.70483,0.00634981,0.00649835,0.00628759,18797.8806,3.84845697,3.89,3.79
20170129,919.75,926,916,608396.122,48431.3548,10.4738045,10.5513351,10.3573693,1357.47109,0.0062916,0.00640999,0.0062366,15334.0547,3.85640153,3.92780688,3.81437409
20170130,915.658697,921.999999,911.160522,350121.679,40900.427,10.4234509,10.5,10.3844848,3955.07106,0.00629352,0.00644999,0.00625001,30335.1017,3.86002596,4,3.80000001
20170131,930.000001,933.525,911.24682,519812.592,81618.3523,10.5509907,10.69,10.412019,7662.44732,0.0063001,0.0066,0.00625,73598.875,4.08,4.29999997,3.85191112
20170201,974.16,976.267205,928.5,1767711.67,159515.04,10.6366925,10.75,10.4504755,8293.43862,0.0062728,0.00641,0.00611,34315.1894,4.06041308,4.0959993,4.00816361
20170202,987,989.987654,955.4,1656466.17,153569.177,10.5899658,10.74,10.413,22539.3319,0.00640117,0.00669969,0.00627216,18947.4227,4.00100579,4.06044272,3.95193722
20170203,1006,1023,983.5,2905123.18,226257.208,10.681,10.82,10.521,8178.40076,0.00629901,0.00654569,0.006253,26890.6786,4.00087327,4.10412955,3.954
20170204,1006.65166,1020,990.12,1232938.56,195497.81,11.2134382,11.3,10.5677868,5067.87602,0.00638997,0.00642,0.00625505,18198.1041,3.984,4.05,3.924
20170205,1025.8,1040,1006.1,1468645.15,155223.841,11.175,11.3786335,11.1671546,2555.32017,0.00646246,0.00646869,0.00635,23490.1995,3.9763439,4.02,3.94
20170206,1020.99999,1032.773,999,1415593.89,93588.607,11.1377995,11.2699918,11.0415425,7862.52825,0.00639055,0.00646246,0.00625301,23528.9007,3.96749238,3.99396646,3.88665717
20170207,1044,1049,1015,802759.67,75345.1752,11.4200158,11.4995353,11.1200006,4316.35845,0.00644803,0.00645888,0.00627,21070.9032,3.94403082,3.99,3.874
20170208,1030.1,1069.06999,1015,1698448.19,132588.674,11.1300001,11.5399994,11.0744,10872.4355,0.00620011,0.00645,0.00620002,41710.9268,3.91789066,4.02799999,3.85
20170209,1061.01,1077.99999,1020.58517,1764717.45,108046.259,11.29,11.5,10.9692,12523.2382,0.0064011,0.00646289,0.00630055,15987.1497,3.96269228,3.971,3.87000069
20170210,956,1066.4,898.180287,7410775.16,425853.5,10.8565516,11.3970826,10.399999,33394.1048,0.0063,0.00639105,0.006,79733.3298,3.71076996,3.98699838,3.58000002
20170211,1010,1010,952,1775092.81,154151.141,11.212619,11.3833852,10.77,5531.86081,0.00628603,0.00637001,0.00615,22729.1752,3.82448341,3.8265,3.69944883
20170212,1002.3,1010,984.1,922891.893,131740.224,11.2635801,11.3799999,11.1359799,2510.70612,0.0063151,0.00634974,0.00627827,5233.86314,3.74695271,3.82635,3.74433531
20170213,981.671895,1005,975.854168,813152.458,40849.3187,11.2046876,11.39,11.2046874,5421.17805,0.00629182,0.00636099,0.00623001,10646.2309,3.74037417,3.78207746,3.71
20170214,1016.4,1018.629,980.5,954759.073,289940.417,12.1200035,12.17,11.1359799,4708.41435,0.00633973,0.00633973,0.00614911,19158.2884,3.8,3.817,3.68901074
20170215,1007,1019,995.1,1067439.13,639264.135,12.8415831,13.4,12.1070651,15386.7625,0.0062385,0.00638888,0.006205,11595.3324,3.80110616,3.847,3.76671885
20170216,1027.1,1032.1366,1005.531,690101.578,177002.106,12.6900001,13.0765875,12.5767999,14123.3052,0.00627,0.006315,0.0060951,15889.8279,3.8924035,3.9100703,3.7944053
20170217,1044.7,1045,1023.1991,817026.794,136814.168,12.82,12.9475,12.68,44191.8109,0.00612812,0.00633,0.005846,26381.3715,3.883,3.92,3.85499998
20170218,1068.99999,1070,1035,1474437.4,59797.8265,12.7930785,12.8999,12.69,22162.4218,0.00585774,0.00614747,0.00570001,7617.60493,3.89467336,3.922,3.84261429
20170219,1060.01612,1070,1049.2742,869416.632,92600.9169,12.8751405,12.92,12.7410018,38180.041,0.00571,0.00582,0.00532615,15484.156,3.80688197,3.89499998,3.78000001
20170220,1062.001,1066.999,1040.00755,917835.712,62020.0103,12.7800001,12.9199999,12.749888,15357.2043,0.00575,0.00597999,0.005665,22808.1286,3.79318156,3.82751412,3.76
20170221,1104.2,1109,1056.41963,1934736.41,270413.871,12.6999766,12.88,12.2285759,4661.52558,0.00579968,0.00598,0.00568004,13903.9135,3.838,3.87899999,3.76
20170222,1114.29999,1133.55363,1098,2022715.93,126042.773,12.712,12.8950006,12.6565506,7005.0226,0.00584069,0.00594998,0.005732,24259.2151,3.89000001,3.92,3.82204023
20170223,1138.8,1140,1111.5,1121037.02,83006.6056,12.7156573,12.8121655,12.6014,4940.56755,0.00582113,0.00591992,0.00575,6637.71601,3.89800187,3.91999971,3.86000178
20170224,1187.78999,1225,1107.51,5643402.66,513541.436,13.0150138,13.41,12.69,29034.167,0.00576651,0.00595,0.00555,42857.5514,3.90871358,3.9999,3.81386113
20170225,1187.99999,1209,1141,3474908.82,128698.426,13.2376451,13.3,12.9128852,5857.92222,0.00574586,0.00585498,0.00559371,14083.0138,3.89435488,3.973,3.86516655
20170226,1167,1188.89898,1129,2539404.29,327125.672,13.6161234,13.8005059,13.2355601,1873.78676,0.0057222,0.00579608,0.00560897,6058.26069,3.89,3.92597207,3.83003675
20170227,1179.72536,1192.99999,1165,1339819.78,652263.64,14.472,14.7769999,13.5647044,3006.38455,0.00567399,0.00579217,0.00559003,16955.4031,3.85865534,3.93599991,3.82703496
20170228,1196.999,1208.092,1172,1820285.52,1268119.18,15.9728285,15.9990999,14.361,8240.78332,0.00554129,0.0057,0.00546,20444.037,3.84774718,3.9,3.81400001
20170301,1190,1199,1178.11,1815837.52,1064247.65,15.699,16,14.8,18785.7694,0.00543832,0.0057,0.00530025,7068.13438,3.81633875,3.8495014,3.77651107
20170302,1229.5,1238.55,1188.81085,3688478.39,1090271.73,17.3804309,17.5206401,15.6190001,47941.0933,0.00584551,0.00594798,0.0053,37970.3222,3.83,3.925,3.80000004
20170303,1282.012,1285,1222,6553159.29,2559724.56,20.1621001,20.7,17.2655261,74760.8377,0.00631695,0.00644945,0.00557,189557.617,4.09499252,4.4444,3.824
20170304,1281.1,1294.97999,1260.3,3577286.78,2361363.61,19.6764817,20.68888,18.21,44747.0638,0.00639296,0.00671,0.0059007,65024.278,4.0599475,4.15,4
20170305,1260.17099,1288.1,1235,3846822.09,868300.883,18.447225,19.7327443,18.21,16779.2368,0.0061927,0.00660996,0.00616271,36429.6647,3.98795507,4.05998929,3.94
20170306,1282,1284.98999,1250,2157454.24,550019.08,19.5600099,19.5600099,18.35,12347.8509,0.0061184,0.00627599,0.005976,24710.7575,4.02786578,4.0799997,3.94940942
20170307,1265,1287,1258,1782680.02,745157.351,19.25,20.1999999,19.0546016,11186.6885,0.0061,0.0062,0.00601,12888.6228,4.0670626,4.1,3.99376504
20170308,1204.83102,1271.09507,1157,8349046.41,1828648.52,18.264,19.2999992,17.3,67541.4693,0.00664152,0.006877,0.00585,37064.6291,3.93868689,4.06600759,3.82
20170309,1186.5,1224.79999,1135,5617366.56,1646169.89,17.585,18.6593507,16.22,123430.691,0.00652599,0.00693826,0.006325,16678.7962,3.925,3.9549991,3.83
20170310,1188.09999,1210,1157.01,4781778.37,1079171.17,17.74,18.4333333,16.6700001,37986.179,0.00641956,0.0065999,0.0063,26803.4042,3.8864193,3.927,3.82900001
20170311,1196.02606,1365,1000,19425217.9,3294085.89,19.4,19.7,17.02,137634.039,0.0064,0.00659899,0.005805,128697.215,3.884,4.078,3.55
20170312,1179.82151,1196.02606,1150,6038161.77,2358119.51,22.6086829,22.9989999,19.201,29406.8744,0.00612,0.0064,0.00604,18907.3149,3.8,3.88599466,3.776
20170313,1211.91,1239,1169,7403885.12,3407607.45,26.310452,28.555595,21.51,55168.0706,0.00607199,0.00631871,0.00593,43815.7619,3.88999987,3.91,3.781
20170314,1226,1249,1211,7761552.31,7002781.82,28.7,31,25.20004,66646.629,0.00639244,0.00642237,0.006063,437008.676,4.14958693,4.8,3.84
20170315,1253.99999,1260,1221.12185,3683228.16,2404965.87,28.4700007,29.9,27.6,23760.7259,0.00637766,0.006419,0.00620659,64757.7612,4.19599999,4.31199984,4.09
20170316,1215,1267.51,1175,8563458.42,9326475.8,41.6408334,41.8035399,28.4700007,97814.913,0.006,0.00639031,0.00592394,122105.302,4.10786372,4.38,4.07
20170317,1066.6,1222,1060,15750546,12475163.7,48,50.1,37.6,160817.686,0.00584882,0.00638999,0.0058,192732.878,4.04979623,4.888,3.98
20170318,1070.41219,1164.8,1049,16049872.6,14750965.2,38.21001,48.4999,32.5,78677.0224,0.00616174,0.006239,0.00560801,202775.971,4.09453844,4.3278559,3.9354
20170319,1009.54207,1092.51421,935,20670876.5,14207889.4,38.0071937,41.1,30.6685184,306222.642,0.00654997,0.00849973,0.00584003,140232.182,4.00859998,4.20367573,3.755
20170320,1024.1,1063.456,973,9739710.47,7700202.97,43.1,45.5,36.1,121765.016,0.00674423,0.00722491,0.00641641,102564.229,3.94000001,4.045,3.815
20170321,1076,1086.88017,1011.68207,6540538.87,4803239.04,42.6829948,45.2,40.1000122,73257.5388,0.00675257,0.00709999,0.00656001,78567.8594,4.0022,4.13027429,3.9
20170322,1059.999,1123.4,1056,8798769.01,2390547.15,41.5164382,43.522202,41.3477,103344.443,0.00698565,0.00716,0.00670001,78839.9835,3.95,4.082,3.922
20170323,1038.37,1084,986.22,11174870.9,3889772.28,40.58802,42.7734,38.599986,201459.557,0.00761565,0.00799019,0.00674004,157297.962,3.96000001,3.99999998,3.83057
20170324,1017.5,1057.006,992.013961,6060238.62,3420263.84,43.2561229,44.28283,40.25618,977689.742,0.01001054,0.01188296,0.00765033,160864.48,3.94287363,4.03827999,3.89990002
20170325,931,1020,901,16170174.4,13707036.4,50.3,54.3333333,43.00049,646172.005,0.01040089,0.01117999,0.009191,264113.907,4.00800001,4.309,3.94287273
20170326,957.998999,980.089582,888.989999,10438964.1,5423129.46,50.89936,53.29,47.6626041,365050.094,0.00941682,0.01040078,0.00825,90297.833,4.05434123,4.15,3.95348524
20170327,991.01284,1008.49999,948.423781,7682681.29,3748534.42,50.398613,51.7999996,48.5,192800.917,0.00982002,0.0102,0.00905,98329.3814,4.1110002,4.1552699,4
20170328,1047,1047,980.69,10148542.6,3346893.11,49.1225,50.7689229,47.9,206879.021,0.00939848,0.01009292,0.009,116203.204,4.1738139,4.19989994,4.04018256
20170329,1020.21162,1066,1008,8249995.33,4428243.53,53.0001711,53.8299999,48.3335934,74553.0653,0.00979999,0.0098067,0.0092,95478.3551,4.20271272,4.23699999,4.12993366
20170330,1047.88694,1057.98,1019,5196467.07,3607571.17,51.7002,53.8,50.85021,200078.812,0.01099999,0.01099999,0.0096,334475.721,5.56999997,5.58,4.15000022
20170331,1047.11298,1058.56999,1022,9637088.43,3849385.55,50.3939499,53,49,1952027.71,0.0215995,0.025,0.01045684,4060698.67,6.64600019,8.3,5.36396842
20170401,1096,1096,1042.12931,8899391.18,3886546.38,48.88014,50.9799999,47.11,1767837.32,0.02048707,0.02329997,0.01631,1477588.86,6.6999,8,5.901
20170402,1097.99999,1107.11526,1069,6334689.63,2224773.79,49.95007,51.8,48.528,1550321.05,0.0264619,0.027721,0.0198,1392626.88,7.50000003,7.76712272,6.60566312
20170403,1133.84136,1150,1075,22886081.5,7911031.21,45.9540999,51.091391,43.6999999,16088049.9,0.04752908,0.07500542,0.0245,1987117.99,8.28562566,8.68,7.16101589
20170404,1149.59409,1161,1120.41818,13609437.6,4102420.54,42.57,47.53175,42.22,6571006.26,0.038,0.05,0.025,1999447.82,9.06599244,9.61000004,8.18953378
20170405,1124,1164.43609,1122.38204,9125014.67,4672537.18,46.52558,46.9,41.2,2923718.79,0.03700003,0.0414125,0.032,2038416.91,9.39,9.824,8.16193735
20170406,1154.87942,1168.79334,1113.49769,11768759.4,2592803.28,45.5896,47.2,43.88113,2382965.33,0.03443314,0.03897321,0.03323246,7316668.51,11.65,13,9.02364097
20170407,1195,1220,1150.052,13531882.3,3612384.38,43.9669998,46,41.08,1960847.72,0.032,0.0349,0.02904,4713884.52,10.8560146,12.4,9.9
20170408,1200.04999,1208,1181,9562997.29,2684155.84,44.2672924,46,41.7389975,2956358.62,0.0363,0.03878399,0.02520558,2448744.01,10.6099999,10.9810387,9.46
20170409,1190.5052,1202.25313,1172.4,5171290.25,1260083.96,44.8306544,45.4773759,43.7257894,852447.505,0.03537,0.0374,0.0331,1146305.84,10.3530001,11.3199998,10.353
20170410,1214.94947,1227.32926,1180,6864642.32,1124149.08,43.8377771,44.8316544,43.1566787,612420.996,0.0339,0.035568,0.032769,3477224.63,9.15,10.5,8.951
20170411,1210.88915,1228.99999,1202,4604994.36,1167863.63,44.21051,44.7499,42.9635405,624480.416,0.03477151,0.03633668,0.0336,1773156.51,9.82000055,10.41,9.15
20170412,1231.99999,1246.17325,1206.25497,5395288.94,1276721.57,43.869,44.5,43.72,637738.809,0.03316417,0.0352,0.03237096,2549211,12.1549999,12.39,9.53
20170413,1205.92,1240,1180,8300435.3,4749993.29,48.555,49.3,43.81,1093389.06,0.03466805,0.036,0.03300001,3076449.56,11.5199999,12.33,11.258345
20170414,1200.19999,1210.99999,1160.99998,7552147.04,4244006.84,49,51.388,47.9493135,839927.453,0.03490758,0.03602525,0.03429177,1636521.06,11.240016,11.5719,10.7699835
20170415,1206.83345,1221.73333,1185,5278844.38,2420967.25,49,50.1949999,47.5,493639.594,0.03485,0.03528599,0.03392106,1824857.97,11.55,12.5,11.16
20170416,1208,1218,1185.99999,4777012.96,1556868.51,49.484335,50.82105,47.90507,429370.824,0.03431,0.03510623,0.03415,1027167.55,11.8154582,12.1393989,11.46
20170417,1208.36604,1217,1201.11,3256393.5,432360.221,49.1525894,49.8124545,48.75,353690.184,0.03377877,0.0345106,0.03350616,1018508.52,12.45,12.6638196,11.76
20170418,1266,1270,1206,10166463.8,2050893.97,50.27098,50.449,49.0422759,675792.347,0.035499,0.03563834,0.03368001,3576212.63,11.5500001,13.1,11
20170419,1266.8,1279.99999,1253.65295,7688809.85,4377063.43,52.6809966,52.803,50.270819,731575.575,0.0339,0.0355,0.03259668,1913092.27,11.4712499,11.8399999,11.05831
20170420,1266.9,1293,1257,5983907.5,3882085.98,50.86,52.799,47.8,862146.708,0.03111,0.03421604,0.02950001,1776088.33,10.8625131,11.49,10.5209999
20170421,1313.51,1328,1266.5,9110564.95,2111026.5,52,52.2281798,50.4,1177021.99,0.0313,0.0338,0.028,2234209.49,11.997,11.9999999,10.826351
20170422,1320.667,1334.99999,1308,6180984.22,1416152.59,51.2000801,52.0154617,51.008863,1852377.39,0.035295,0.03673,0.031,3637174.62,13.4389495,13.6622026,11.8804101
20170423,1347.19,1354.1,1291.63403,8339064.55,1225257.93,52.5980699,52.9038,51.2000801,865847.46,0.0347,0.03545218,0.03325,6673687.23,16.67,17.1999999,13.249995
20170424,1330,1366.9,1328.46,7495040.64,1815285.76,53.058365,54.28,51.8500001,460036.957,0.03415973,0.0349,0.0339,4844801.25,15.5999999,17.3535,15.55
20170425,1355,1356.19999,1325.95555,6918750.04,1238416.51,53.7,54,53,979747.86,0.03575674,0.0367,0.03331,2439106.02,15.9,16.3346346,15.1000001
20170426,1376.61133,1380.81459,1348.4,5770856.08,860423.415,54.0377233,54.33,53.5,511339.236,0.03532968,0.03625414,0.03452003,1993454.01,16.4592323,16.99,15.3925
20170427,1412.10676,1418.88882,1373.77892,8130650.43,3672933.41,60,60,54.0169303,899966.828,0.03565191,0.03656498,0.03462998,3288424.33,15.95,17.2406998,15.9
20170428,1426.12454,1450,1396.83256,12502588.1,7636944.63,72.59993,73.26,59.9300899,2439922.56,0.0418,0.0484,0.03465,3782993.63,15.4814834,16.3640117,14.1739004
20170429,1406.47322,1429.69655,1369.54757,11712397.4,6325568.46,73.22633,77.5611921,66.01,4382164.38,0.05507062,0.0633798,0.04110003,1163228.46,15.7387809,16.013343,15.100002
20170430,1426.27564,1438,1404.12034,9678192.1,3448012.99,75.2463127,75.970257,71.1784599,3449426.75,0.056099,0.062,0.05109712,2203702.95,17.2,17.5,15.6209162
20170501,1461.396,1466.88882,1402,11248038.3,6138003.21,86.2542483,87.8677261,74.2397867,2274870.89,0.06070037,0.0622,0.053,1511387.14,17.6017905,17.63999,16.58
20170502,1543,1585.16,1446.31137,18318573.8,8455827.92,84.1060581,87.48,77.30049,2286329.46,0.05821243,0.06118996,0.05321365,3037495.42,17.3509994,17.7999999,16.102
20170503,1557.29575,1615.0238,1510,11877346.6,3561553.06,82.1527999,84.44838,79.7235001,1288042.11,0.05815811,0.05998897,0.05507127,1659097,19.26,19.45,16.55
20170504,1608.27987,1628.88882,1545.3094,16707949.2,4488919.47,90.1999999,92.6025154,81.941463,3233551.28,0.06950001,0.071485,0.05738299,9245756.09,22.5278303,24.3648657,18.505
20170505,1642.99999,1699.13,1515,28768433.5,9153274.91,99.24979,101,88.88,8621799.66,0.092954,0.0945051,0.06850004,8655124.8,27.071452,27.4,21.6972413
20170506,1567.56503,1661,1454.12233,30992262.8,8770564.69,92.121698,101,85,9336491.94,0.09851002,0.11,0.078,7353784.49,26.3644983,29.5,23.6062287
20170507,1577.45966,1629.48,1550.04076,21668144.1,2936258.36,94.7,96.9900005,90.5001,4836924.04,0.109472,0.10894836,0.09450005,5822430.31,31.0004725,31.5809101,26.1600747
20170508,1675.64969,1690,1568,39033113.5,6267421.74,92.1133164,98.7488691,88.5,16113286,0.187111,0.22,0.109,5695645.13,29.7381988,32.5198133,28.4288151
20170509,1769,1775,1643.73278,30086798.3,5786060.69,80,93.1109999,79.51,17230961.7,0.132,0.24999999,0.129,3855390.2,25.5,31.0706282,24.5
20170510,1750.36214,1813.8,1702,29625534.4,5981958.31,89.4640235,91.44,70.5,7236594.58,0.180983,0.201,0.13366204,7984675.62,38.8300245,38.856835,23.6400002
20170511,1880,1896.99999,1749.90071,20100058.9,3027125.53,89.0981975,92.25,86,4175773.7,0.17598139,0.193122,0.165,9774233.81,31.5,39.185428,28.0447939
20170512,1819.61303,1900.99899,1759.55437,22175380.2,2362494.23,91.08807,92,87.43,4687970.32,0.19352,0.19834841,0.174,4019356.55,30.7395544,34.0946361,29.3
20170513,1723,1858.85794,1651.9547,24861343.2,3183179.82,87.99994,91.98993,85,6334944.88,0.21399999,0.215649,0.18600001,3694827.16,27.21,30.9981024,25.5
20170514,1846,1849.24686,1723,10169491.9,1076638.07,90.74993,90.992442,87.1159902,2556565.71,0.22105001,0.228755,0.203,1832064.54,30.400581,31.1,27.21
20170515,1776.99999,1855,1766,13071776.3,1834314.28,91.4,91.83,88.09652,4866165.59,0.24169999,0.254,0.20962611,1657921.15,28,30.5498481,27.7094243
20170516,1735.00001,1786,1719,21579469.7,3427701.17,92.2943998,95.1829999,91.1752869,11347427.7,0.302862,0.325744,0.2312233,4922405.28,24.0212792,28.2988661,23.2
20170517,1853.9395,1891.8,1735.00001,25278130.3,3960431.6,88.59116,92.50969,84,19630302.4,0.42,0.43453229,0.296132,4843467.05,23.6493357,25.9899999,20.77
20170518,1882,1899.96,1834,19463227.1,3201967.55,96.83,96.9000001,87.40007,13205845.6,0.35075099,0.42399999,0.31,3580304.66,26.2,27.0999999,23
20170519,1972.85471,1977.88899,1860,18459423.2,7709316.03,113.140409,113.822376,93.46,8622207.63,0.35107767,0.38369999,0.33999991,4290025.39,28.006,29.9,25.67
20170520,1995.2438,2000,1925.99999,18781478.4,8234665.15,123.403306,129.95,110.7,8738597.14,0.32385001,0.3639316,0.28618818,2016250.1,27.8897066,28.6799999,26.2
20170521,2053,2084.99999,1959.94713,17960944.7,4738917.46,130.047498,130.047498,121.351996,7288735.53,0.35499999,0.36972,0.319,1331838.13,26.302,27.8897067,26.301
20170522,2155,2160.44,1985,23904087.7,10305445.3,167.362386,167.746393,128.697878,6652552.14,0.297462,0.357,0.2907567,3541004.34,24.1207297,28.899,23.98
20170523,2140.16898,2229.19999,1975.1912,31198289.2,14316878.9,163.335533,183.47,138.35,6282744.68,0.2929,0.3287,0.262,2544991.71,26.97,26.97,21.7218232
20170524,2294,2320,2105,25571926.6,9459597.31,181.8,186.849999,152.396612,6220568.18,0.32248188,0.3479,0.29245801,5311813.28,32.75,32.7999999,26.515
20170525,2467,2510,2220,43071923.5,12509754.7,184.87396,194.8,168.746075,9912300.38,0.287,0.33149,0.2006,5565460.19,30.6,34.6,27.0847905
20170526,2385.00644,2698.36062,2075.05493,65450454.8,18012181.4,178.321147,205.8,141,8140030.32,0.29275,0.32,0.21,4689793.08,28.966666,34.1299123,24.1016259
20170527,1929.3125,2484.45555,1812,82968991.4,23699655.5,133.99654,186.604439,120.106487,9233148.88,0.20710697,0.30800001,0.171397,6787322.04,21.0468312,30,18.65
20170528,2134,2134,1538,78198448.5,29734885.2,169.138448,171,100,12568990,0.23169996,0.2362,0.12,3744028.9,24.65,24.9,15.5
20170529,2080,2196,1850,45740739,16713053.3,161.923949,172.550339,139.05,5313960.92,0.20901264,0.235821,0.18013818,2668685.43,23.737757,24.95,19.6
20170530,2239.93239,2284,2069.06949,35806343.9,24465210.9,212.6,215.598577,159.607891,6023572.58,0.22399999,0.2375,0.20901264,2588796.13,25.80541,26.1399999,22.9949975
20170531,2099.66103,2261.95,2005.93937,43890575.5,36262536.2,207.010669,230.2,187.50007,5114545.73,0.21494213,0.22900001,0.1785,2411319.12,23.4388126,26.0306,21.8172938
20170601,2325.77999,2325.34026,2083.43737,31993481.4,19952680.4,222.482776,227.2165,207,9686735.38,0.309,0.3099,0.20342404,2097366.87,25.9979999,26.0001999,23.1
20170602,2326.85693,2368.55663,2196.05999,33773110.8,16207765.3,212.709999,224,200,14492334.6,0.293,0.329,0.265,3447659.77,27.19,28.803485,24.2053194
20170603,2395,2413.92321,2267.92994,23445802.4,5990462.42,213.95,218.709408,208.5,5567335.61,0.28435489,0.3,0.264,1789112.47,26.5,27.3999999,25.25
20170604,2447.80318,2482.25,2374,24432321.2,7454692.14,224.6,231,210.25,3607823.61,0.275,0.29,0.26,904625.293,26.0999999,26.8607301,25.759641
20170605,2505,2535,2425,17995144.2,9835059.8,238.342757,246.07993,224.15028,3379651.91,0.2854,0.30223215,0.27315746,2151209.27,27.87,28.979,26
20170606,2759.6,2799.99,2477.48999,47438740,11197484.1,251.10001,258,232.001,4388437.61,0.2822573,0.2917,0.26697684,5726649.26,29.339999,30.8899999,27.4901259
20170607,2790.70516,2894.99999,2652,64316693.3,14312182.5,258.500813,265.614569,246.74858,5125389.43,0.27818573,0.29,0.27,3583011.84,29.5091989,30.8749999,26.9999999
20170608,2730.1,2826.1464,2558.9,52813831.5,11371123.2,255.02484,261.97753,240,6533875.1,0.28,0.29899,0.26330003,1698263.58,28.75,29.8999999,27.4
20170609,2790.42356,2830.42858,2656.42618,27126487.6,6483322.5,261.98993,262.87951,248.00031,3551198.48,0.29059954,0.29511111,0.27819981,2726943.18,30.1103818,31.4896567,28.01
20170610,2793.77807,2850.99999,2785.0009,23555035.1,11320238.7,284.855,290.718986,260.7,2080743.65,0.2748,0.29060003,0.275,1380542.74,29.2724988,30.351,29.27
20170611,2826.14967,2906.16026,2760,31841906,24908299.7,340.8,342.999999,283.5,4178619.82,0.26399993,0.2783,0.25,1301830.63,29.440639,29.999,28.4399906
20170612,2887,2977,2806.09,32548676.8,17777600.7,360.23107,365.36,321.473219,3396507.44,0.26300001,0.28000067,0.25638326,3416720.41,31.1285467,34.34,28.93
20170613,2680,2893.11451,2300,97033058.7,74211736.5,376.523783,408.1287,299.713975,6893823.36,0.25,0.2641413,0.21679992,4015624.63,29.1,31.130447,24.6542978
20170614,2642.44689,2750,2566,32720939.8,18006841.5,370.999999,391.040226,341.783667,2742998.14,0.25106191,0.27553323,0.237677,2007367.21,29.4249,31.0999999,27.5184283
20170615,2352,2675,2115,83004797.7,47116349.8,324.8799,377,280.1,7128382.54,0.24602325,0.29888,0.22,5072322.9,27.237514,30.1745201,24.9414223
20170616,2376.82063,2429.99999,2012,91540288.4,65325107.3,332.5,343.516574,258.3,5336951.46,0.2419,0.24999998,0.20182323,5449600.95,29.461305,30.2999999,24
20170617,2453,2480,2318,38523254.7,20573145.5,347.8,354.999999,328.550405,2148874.6,0.246529,0.25134084,0.23390008,13249356.2,37.9000199,39.087844,28.585532
20170618,2421.2,2640.44856,2423.77227,43407502.8,15273533.1,339.999999,376.89,341.71324,3326724.91,0.2403,0.262005,0.2403,20113193.6,38.5,47.55,36.4
20170619,2563.94925,2596.34215,2408,37813784,15476087.3,359.49,368.0569,335.9,4617921.03,0.2670374,0.2762,0.2356569,14386644.3,46.8566707,47.8295697,38.28
20170620,2599.88206,2620.35888,2481.49782,27963304.8,9002400.9,359.41028,365,346.078901,4539985.69,0.30899998,0.30932472,0.2573063,11572688.8,47,49.8888888,45.2266306
20170621,2708.12186,2785.52657,2563.73,42514404.6,18041234.9,337,367.063289,321.051571,8391103.17,0.29497681,0.32086483,0.28510031,7222906.04,43.3654485,47.1,40.8
20170622,2600,2726.65098,2541.20794,37678688,24281983.7,308,344.5,290,4707667.57,0.26359482,0.30479999,0.25033001,5453336.71,44.048,45.5,41.5143504
20170623,2684.99999,2714.81657,2569.33538,18261863.7,7858823.08,325.999999,331,306.629593,2471525.08,0.277888,0.284119,0.25611566,4410926.82,45.90756,48.1,43.7029281
20170624,2670.94799,2720,2650,13126178.1,4401252.33,324,330.595499,321.5,2972827.01,0.29297295,0.3,0.27500071,2209222.05,43.9999999,45.9749459,43.4345144
20170625,2518.08384,2674.99999,2431.69446,40488785.7,17298911.1,298.300379,324.495503,284.374254,3671235.81,0.27161007,0.29638,0.26,3750756.51,41.8682787,44.6314005,40
20170626,2382,2602.08518,2358,45029154.5,28771069.8,251.899859,307,251.2,2508351.42,0.24358993,0.27628,0.24132,4969427.55,37.6,44,37.25
20170627,2329.99999,2463.08758,2192,76914761.2,55347748.1,231,263.549615,206.24,5157041.27,0.23199995,0.26004989,0.21,6970742.01,35,39.0000002,32.7000001
20170628,2475.03537,2515.99999,2168.333,58889497.1,48413147.4,276,280.923054,204,3700624.14,0.25100001,0.2575,0.21,5252927.04,38.9279666,39.8999999,32.3732287
20170629,2506.887,2560.79,2428.88415,31902377,35553726.6,307.1534,318.5,268.6,2629842.44,0.25931971,0.26652409,0.24700009,5337245.17,40.74,42.5562872,38.42
20170630,2443,2539.57837,2398.96222,31387160.9,34523109.6,284.69118,307.899929,275,2277048.81,0.24865084,0.26000001,0.24000071,3261301.69,38.7477388,41.0948537,38
20170701,2432.207,2510,2357.60182,25743158.1,25371086,264.5,302,255.539999,2708475.79,0.2419999,0.26007029,0.23480013,2168461.13,38.4,40.7729366,37.5938048
20170702,2352.41628,2441.99999,2284,25824106.2,23325965.6,257.516913,275.49704,240.999999,1398624.25,0.2345,0.24481367,0.2207021,2272545.83,37.31,38.7496351,35.2011785
20170703,2426.41876,2465,2340.80605,23803556.4,25505193.2,268.743215,286,250.7,1029548.5,0.242,0.255,0.233,5736763.55,43.79,44.5,37.1487555
20170704,2613.95,2631.31499,2421.38697,37123004.9,17247931,280.7,284.799,266.65,2059410.7,0.25490007,0.25701196,0.23967358,13819593.6,49.87,51.68,42.2479701
20170705,2498.07765,2618.78546,2480.61,23921264.1,12885805.9,258.382999,283.7,255.1,1571050.76,0.244119,0.25621424,0.24162003,16797992.8,50.2986669,55.4,48.1139781
20170706,2584.99,2619.90012,2492.001,17784244.5,12851046.3,268.74107,271.9997,250.665898,1035474.11,0.24800016,0.25240001,0.242,8382279.89,50.3766,53.513363,48.54321
20170707,2521,2602.93242,2509.94322,18476908.6,7170957.5,253.22851,273.06315,252.119682,1116278.53,0.23808381,0.25099999,0.2378,5268657.71,47.3403253,51.66,46.4
20170708,2448.484,2531.41328,2420,30920642.6,15911632,236.103,256.108466,227.541,1878375.43,0.21880001,0.2411098,0.20787739,7544477.05,45,48.3370825,43.1534
20170709,2515.02483,2559,2443.6,17587402.2,8121003.22,243.175872,249,232,1286141.41,0.23509997,0.24149998,0.21600047,7557919.88,49.7048,52.122712,45.0001
20170710,2498.98784,2535.71139,2455.59642,15406455,5965149.89,236.17638,244.399999,232,981323.473,0.22425743,0.23509992,0.21714187,4416331.95,49.3028928,50.2999999,47.27
20170711,2300,2498.98784,2183,63628089.9,39914730.1,185.81,236.478929,170,4722346.52,0.1609,0.22530002,0.14035303,11382670.4,42.2,49.4392711,39.95
20170712,2281.49999,2375.42516,2195,47611957.4,33717556.6,196.564807,208,176.03,4003833.78,0.178793,0.19634772,0.15500001,10467491,44.572,46.2370194,40.4739989
20170713,2320.615,2400,2270.123,38502054.1,33150746.7,203.880966,225.66,194.04,3778525.17,0.1874,0.2163,0.17673393,9388265.32,44.4224874,48.0879999,44.152701
20170714,2332.41004,2371.77224,2271.08729,27125526.2,18917694.5,201.50063,212,190.209534,1701441.6,0.19,0.19949994,0.17881754,4086336.08,45.2899995,46.1,43.54
20170715,2040.13979,2332.99999,2000,48042446,19910893.6,185.199999,201.999999,180.21,1886114.42,0.17499942,0.19059585,0.171657,7821279.4,39.1577476,45.3999998,38.71
20170716,1988.22695,2119,1957,52487747.2,24747977.3,159.799929,187.908442,157.11,2118397.25,0.16457984,0.184,0.1632,6863921.38,39.348241,40.8500713,37.6
20170717,2045.57013,2087.99186,1835.00027,68301666.9,55146659.7,174.199999,180.499999,138.167789,6892290.4,0.1621,0.1650001,0.12800004,9944128.69,41.8132999,42.7839999,36
20170718,2253,2287.60802,1968,61909391.1,53433234.5,190.057,194.395,159.5,5056408.55,0.171,0.17549999,0.14168,10218672.3,42.7747039,43.3728,39.55
20170719,2376,2409.90497,2204.04073,72884003.6,105379617,239.59993,265.299051,185.22,4395525.2,0.182,0.187,0.16620432,8328442.04,43.615006,44.9799,41.6266105
20170720,2312.772,2399.7,2210,47695069.1,78683037.2,204.4,243.388102,184.918,3674189.15,0.16719001,0.18442099,0.15790453,5386026.12,41.1377476,44.1149999,39.21
20170721,2763.31752,2925.99999,2302.64496,140575287,64768210.6,235,240,201.989999,5831142.93,0.19065,0.19500001,0.16520005,13897116.2,47.2,47.9889999,40.57
20170722,2797,2805.8858,2600.5,49806133.2,25815804.5,226.18,235.199929,209.999999,2399740.34,0.18777824,0.193466,0.181,3867175.75,46.1555,47.2588998,44.1494751
20170723,2726.39683,2909.51102,2712.99999,64685145.6,21964923.8,222.56,237.189999,221.73455,6307919.12,0.1888779,0.208,0.18628129,4265138.09,44.063,47.75,44.0870955
20170724,2737.31441,2820,2655,37449274.8,14449259.3,224.80077,232.74,218.077812,2901798.43,0.19368105,0.20308,0.18611,3005875.88,44.614818,45.8539999,43.7
20170725,2663.99999,2815.51744,2625.63,44879302.6,14279768.2,211.417358,229.85001,210,2227284,0.17909567,0.197084,0.17757575,2950240.71,42.4299575,45.7036609,42.182429
20170726,2483,2705,2417.33001,100830825,38467746,196,219.002154,190,3780249.31,0.1701362,0.184785,0.16383115,6421702.15,41.3530297,43.5364417,40.0958765
20170727,2538,2579.42159,2400,40488715.2,13116174.7,200,206.50014,194.1,1322300.47,0.17316294,0.1782,0.1665,2292520.79,41.41,42.48,40.49
20170728,2745.24133,2745.24133,2525.70279,42838090.1,10401975.3,199.199999,206,198.23052,1459556.34,0.169,0.17490001,0.16810657,3628290.86,41.8439999,42.2,40.459014
20170729,2738.22405,2844.23,2681,49020243.2,14935967.8,182.16,201.3,181.8,1934486.06,0.156,0.171,0.156,3770942.32,38.7999999,41.8529999,38.06
20170730,2635.15835,2762,2619.97526,25029728.7,19051696.4,195.35,210.71,176.51886,1371386.06,0.16389895,0.17249994,0.15421967,2930165.82,39.7897499,42,38.3111092
20170731,2741,2755.79747,2626,19124914.3,8186182.43,195.399859,202.99,191,711142.345,0.16311469,0.16706725,0.1595,1305293.58,39.5,40.8730253,39.14
20170801,2770,2927,2710,37611983.7,22868683.6,213,224.649999,189.6,2555841.62,0.16448986,0.172,0.15777963,7704339.33,41.86,43.7290452,38.07
20170802,2712.2,2824.40437,2640,45259190.9,31711645.7,221.099773,233.208273,204.12,3762152.5,0.17602007,0.185,0.15852525,6138305.03,42.5,44.49,40.1601234
20170803,2720.00321,2758.5,2667.66062,19480081.1,8711315.47,223.699999,224.648399,215.1,1592565.88,0.1725899,0.17912192,0.168001,1923420.04,42.0558776,43.2027911,41.4161639
20170804,2813.78066,2813.78066,2717.09393,17116911.9,10070477,225.2,228.749966,222.2425,1060281.86,0.17500053,0.178,0.17100006,1388867.16,42.6000001,43,42.0558775
20170805,3122,3199,2809,41601463.7,12292421.9,234.554346,235.79972,219.449999,1971973.08,0.1769,0.17904999,0.17099999,4161294.64,45.5,46.3899999,42.36
20170806,3175,3333,3121.1,43088954.9,33133819.1,251.997999,266.498428,232.73693,3296655.17,0.18463002,0.192,0.1761,3307440.61,45.5384475,47.01,45.1701262
20170807,3245,3309,3151,24205144.2,20845780.4,262.2,273,250.998,1906858.5,0.18096444,0.18599999,0.1765,2137830.37,45.4099997,46.3010365,45
